sweep,parameter_value,instance,variant,fidelity_gain,succ_request_cnt,actual_req_cnt,accepted_schedules,feasible,oracle_calls,dp_paths,peak_candidates,peak_labels
request_cnt,80,0,old_ZFA,32.596692700147841,41.919061204681299,48,48,1,0,0,0,0
request_cnt,80,0,old_WPFA,2.2448499525858354,2.6973987890733349,3,3,1,0,0,0,0
request_cnt,80,0,ZFA,32.596692700147841,41.919061204681299,48,48,1,260,4790,25,25
request_cnt,80,0,WPFA,42.066856841117641,54.659279727281493,72,72,1,322,5759,680,679
request_cnt,160,0,old_ZFA,64.422196068440599,83.342951975738686,96,96,1,0,0,0,0
request_cnt,160,0,old_WPFA,2.9727038013893137,3.5939739549004206,4,4,1,0,0,0,0
request_cnt,160,0,ZFA,64.37745330169119,83.294446586627416,96,96,1,405,13467,25,25
request_cnt,160,0,WPFA,80.731240962338489,105.25728867858257,130,130,1,460,14756,680,679
fidelity_threshold,0.69999999999999996,0,old_ZFA,60.657115197833832,81.422744993526493,100,100,1,0,0,0,0
fidelity_threshold,0.69999999999999996,0,old_WPFA,2.2448499525858354,2.6973987890733349,3,3,1,0,0,0,0
fidelity_threshold,0.69999999999999996,0,ZFA,60.653575061853957,81.4173411806362,100,100,1,407,9336,123,120
fidelity_threshold,0.69999999999999996,0,WPFA,60.653575061853957,81.4173411806362,100,100,1,407,9336,2650,2613
fidelity_threshold,0.90000000000000002,0,old_ZFA,0,0,0,0,1,0,0,0,0
fidelity_threshold,0.90000000000000002,0,old_WPFA,0.73995537342994933,0.84919631657221861,1,1,1,0,0,0,0
fidelity_threshold,0.90000000000000002,0,ZFA,0,0,0,0,1,1,110,5,5
fidelity_threshold,0.90000000000000002,0,WPFA,8.2291297912612098,9.4567536066879843,12,12,1,87,2233,20,20
time_limit,7,0,old_ZFA,40.288232424792497,52.066561378278237,60,60,1,0,0,0,0
time_limit,7,0,old_WPFA,1.4817015802777982,1.7986852511398479,2,2,1,0,0,0,0
time_limit,7,0,ZFA,40.243489658043082,52.018055989166982,60,60,1,224,4990,25,25
time_limit,7,0,WPFA,49.023166974692259,63.828124346264261,78,78,1,244,5097,278,278
time_limit,17,0,old_ZFA,40.403580688891417,52.175352543926671,60,60,1,0,0,0,0
time_limit,17,0,old_WPFA,2.2448499525858354,2.6973987890733349,3,3,1,0,0,0,0
time_limit,17,0,ZFA,40.403580688891395,52.175352543926678,60,60,1,336,7642,25,25
time_limit,17,0,WPFA,54.496936053105038,71.159563576752618,94,94,1,428,10055,680,679
