threshold,instance,repetition,variant,paths_seconds,construction_seconds,run_seconds,total_seconds,fidelity_gain,accepted_schedules,dp_paths,peak_candidates,peak_labels
0.69999999999999996,0,0,after,0.0139171,0.00022130000000000001,5.223001,5.2371394000000002,60.682977928433907,100,5171,2650,2613
0.69999999999999996,0,0,before,0.013318,0.00016650000000000001,5.6945819000000002,5.7080663999999999,60.682977928433907,100,5171,2650,2613
0.69999999999999996,0,1,before,0.013102300000000001,0.00019340000000000001,5.7467351999999998,5.7600309000000003,60.682977928433907,100,5171,2650,2613
0.69999999999999996,0,1,after,0.012929299999999999,0.00015870000000000001,5.500299,5.5133869999999998,60.682977928433907,100,5171,2650,2613
0.69999999999999996,0,2,after,0.014816599999999999,0.00026570000000000001,5.3880971999999998,5.4031795000000002,60.682977928433907,100,5171,2650,2613
0.69999999999999996,0,2,before,0.0141274,0.00020469999999999999,5.6141959000000003,5.6285280000000002,60.682977928433907,100,5171,2650,2613
0.69999999999999996,1,0,before,0.012868299999999999,0.0001897,4.1015644,4.1146224,58.136740172886668,97,3545,10598,9721
0.69999999999999996,1,0,after,0.012561299999999999,0.00019129999999999999,3.9047527,3.9175053000000002,58.136740172886668,97,3545,10598,9721
0.69999999999999996,1,1,after,0.0131731,0.0002252,3.8340409000000002,3.8474392000000002,58.136740172886668,97,3545,10598,9721
0.69999999999999996,1,1,before,0.012703300000000001,0.00019870000000000001,4.0683622000000002,4.0812641999999997,58.136740172886668,97,3545,10598,9721
0.69999999999999996,1,2,before,0.0137863,0.00022330000000000001,4.1040831999999998,4.1180928000000003,58.136740172886668,97,3545,10598,9721
0.69999999999999996,1,2,after,0.0129961,0.00019459999999999999,3.8306659000000001,3.8438566000000001,58.136740172886668,97,3545,10598,9721
0.69999999999999996,2,0,after,0.0126675,0.00015540000000000001,3.9944416,4.0072644999999998,61.439339462818566,100,3907,2641,2599
0.69999999999999996,2,0,before,0.013824299999999999,0.00028509999999999999,4.2118592000000001,4.2259685999999999,61.439339462818566,100,3907,2641,2599
0.69999999999999996,2,1,before,0.015030200000000001,0.0002198,4.1815404000000003,4.1967904000000003,61.439339462818566,100,3907,2641,2599
0.69999999999999996,2,1,after,0.0131947,0.00025349999999999998,4.0888210999999997,4.1022692999999997,61.439339462818566,100,3907,2641,2599
0.69999999999999996,2,2,after,0.018634499999999998,0.00024429999999999998,4.2066023000000001,4.2254810999999997,61.439339462818566,100,3907,2641,2599
0.69999999999999996,2,2,before,0.019588499999999998,0.00030830000000000001,4.4637346999999998,4.4836315000000004,61.439339462818566,100,3907,2641,2599
0.75,0,0,after,0.013384099999999999,0.00020269999999999999,2.6661500999999999,2.6797369,60.402303674717032,100,5131,1506,1499
0.75,0,0,before,0.016271399999999998,0.00024570000000000001,2.8733325999999999,2.8898497000000001,60.402303674717032,100,5131,1506,1499
0.75,0,1,before,0.0141709,0.00021609999999999999,2.8873000000000002,2.9016869999999999,60.402303674717032,100,5131,1506,1499
0.75,0,1,after,0.015048300000000001,0.00042420000000000001,2.7462445,2.761717,60.402303674717032,100,5131,1506,1499
0.75,0,2,after,0.018717899999999999,0.00023379999999999999,2.6399526999999998,2.6589043999999999,60.402303674717032,100,5131,1506,1499
0.75,0,2,before,0.0170948,0.00023929999999999999,3.0390461000000002,3.0563802,60.402303674717032,100,5131,1506,1499
0.75,1,0,before,0.014343699999999999,0.0002218,2.1003647000000001,2.1149301999999999,58.324864412327777,97,3694,1335,1298
0.75,1,0,after,0.014426400000000001,0.00030919999999999998,1.9856050999999999,2.0003407000000002,58.324864412327777,97,3694,1335,1298
0.75,1,1,after,0.0149692,0.00025300000000000002,2.1154825000000002,2.1307046999999999,58.324864412327777,97,3694,1335,1298
0.75,1,1,before,0.022586100000000001,0.00035809999999999998,2.1141874999999999,2.1371316999999999,58.324864412327777,97,3694,1335,1298
0.75,1,2,before,0.0146231,0.0002375,2.3017652000000002,2.3166258000000002,58.324864412327777,97,3694,1335,1298
0.75,1,2,after,0.021748799999999999,0.0002879,2.0173084000000001,2.0393450999999998,58.324864412327777,97,3694,1335,1298
0.75,2,0,after,0.0120202,0.0002875,2.0222351000000001,2.0345428000000001,59.723939324224744,97,3894,1478,1467
0.75,2,0,before,0.0127577,0.0002253,2.1677233,2.1807063000000002,59.723939324224744,97,3894,1478,1467
0.75,2,1,before,0.012165,0.00017440000000000001,2.1924163000000001,2.2047557000000002,59.723939324224744,97,3894,1478,1467
0.75,2,1,after,0.0135061,0.0002742,2.0405367999999999,2.0543171,59.723939324224744,97,3894,1478,1467
0.75,2,2,after,0.021935099999999999,0.0003612,2.181956,2.2042522999999998,59.723939324224744,97,3894,1478,1467
0.75,2,2,before,0.013709900000000001,0.0002052,2.1677911999999999,2.1817063000000001,59.723939324224744,97,3894,1478,1467
0.80000000000000004,0,0,after,0.0140448,0.00018679999999999999,0.93287500000000001,0.94710660000000002,53.367217734925532,90,4630,680,679
0.80000000000000004,0,0,before,0.0135275,0.0002285,1.0351287,1.0488846999999999,53.367217734925532,90,4630,680,679
0.80000000000000004,0,1,before,0.0150735,0.00029260000000000001,1.1032457,1.1186118,53.367217734925532,90,4630,680,679
0.80000000000000004,0,1,after,0.0136522,0.00023340000000000001,0.93766229999999995,0.9515479,53.367217734925532,90,4630,680,679
0.80000000000000004,0,2,after,0.014536,0.0002377,0.95920550000000004,0.97397920000000004,53.367217734925532,90,4630,680,679
0.80000000000000004,0,2,before,0.017982399999999999,0.00026650000000000003,1.024931,1.0431798999999999,53.367217734925532,90,4630,680,679
0.80000000000000004,1,0,before,0.012700299999999999,0.00017119999999999999,0.80968680000000004,0.82255829999999996,50.700221416294596,88,3552,451,447
0.80000000000000004,1,0,after,0.014792599999999999,0.0002965,0.72905580000000003,0.7441449,50.700221416294596,88,3552,451,447
0.80000000000000004,1,1,after,0.013482299999999999,0.0001795,0.76881350000000004,0.78247529999999998,50.700221416294596,88,3552,451,447
0.80000000000000004,1,1,before,0.026570300000000002,0.00039140000000000003,0.87033459999999996,0.89729630000000005,50.700221416294596,88,3552,451,447
0.80000000000000004,1,2,before,0.013210400000000001,0.00033379999999999998,0.81447420000000004,0.82801840000000004,50.700221416294596,88,3552,451,447
0.80000000000000004,1,2,after,0.0141142,0.00023250000000000001,0.70891219999999999,0.72325890000000004,50.700221416294596,88,3552,451,447
0.80000000000000004,2,0,after,0.0119703,0.00014779999999999999,0.76714749999999998,0.7792656,52.000108108722202,87,3679,670,668
0.80000000000000004,2,0,before,0.013047700000000001,0.00029369999999999998,0.83199460000000003,0.84533599999999998,52.000108108722202,87,3679,670,668
0.80000000000000004,2,1,before,0.0134267,0.00027010000000000001,0.87960870000000002,0.89330549999999997,52.000108108722202,87,3679,670,668
0.80000000000000004,2,1,after,0.012965000000000001,0.00019670000000000001,0.75145360000000005,0.7646153,52.000108108722202,87,3679,670,668
0.80000000000000004,2,2,after,0.012955599999999999,0.00021670000000000001,0.77484339999999996,0.78801569999999999,52.000108108722202,87,3679,670,668
0.80000000000000004,2,2,before,0.0155876,0.00023729999999999999,0.84076779999999995,0.85659269999999998,52.000108108722202,87,3679,670,668
0.84999999999999998,0,0,after,0.01376,0.00024469999999999998,0.27339980000000003,0.28740450000000001,38.008694522487673,66,4560,209,209
0.84999999999999998,0,0,before,0.0146167,0.00027250000000000001,0.2972339,0.31212309999999999,38.008694522487673,66,4560,209,209
0.84999999999999998,0,1,before,0.0140675,0.00029970000000000002,0.28325040000000001,0.29761759999999998,38.008694522487673,66,4560,209,209
0.84999999999999998,0,1,after,0.013802399999999999,0.0002475,0.25567659999999998,0.26972649999999998,38.008694522487673,66,4560,209,209
0.84999999999999998,0,2,after,0.023164799999999999,0.00027690000000000001,0.25221280000000001,0.27565450000000002,38.008694522487673,66,4560,209,209
0.84999999999999998,0,2,before,0.0137453,0.00027300000000000002,0.28490919999999997,0.29892750000000001,38.008694522487673,66,4560,209,209
0.84999999999999998,1,0,before,0.0131212,0.0002519,0.18797059999999999,0.20134369999999999,32.836280622539654,58,3149,111,111
0.84999999999999998,1,0,after,0.020556999999999999,0.0003837,0.17460020000000001,0.19554089999999999,32.836280622539654,58,3149,111,111
0.84999999999999998,1,1,after,0.0140147,0.00023169999999999999,0.16684260000000001,0.181089,32.836280622539654,58,3149,111,111
0.84999999999999998,1,1,before,0.0135847,0.00030620000000000002,0.2080438,0.22193470000000001,32.836280622539654,58,3149,111,111
0.84999999999999998,1,2,before,0.014324699999999999,0.0002253,0.1904498,0.20499980000000001,32.836280622539654,58,3149,111,111
0.84999999999999998,1,2,after,0.013544499999999999,0.00028600000000000001,0.1730399,0.18687039999999999,32.836280622539654,58,3149,111,111
0.84999999999999998,2,0,after,0.012923499999999999,0.0002243,0.21209330000000001,0.2252411,33.561160244298236,63,3397,209,209
0.84999999999999998,2,0,before,0.013703999999999999,0.00018819999999999999,0.2346596,0.24855179999999999,33.561160244298236,63,3397,209,209
0.84999999999999998,2,1,before,0.0135324,0.0001886,0.2486189,0.26233990000000001,33.561160244298236,63,3397,209,209
0.84999999999999998,2,1,after,0.0126144,0.00023900000000000001,0.2108158,0.22366920000000001,33.561160244298236,63,3397,209,209
0.84999999999999998,2,2,after,0.012149800000000001,0.00016750000000000001,0.2180928,0.23041010000000001,33.561160244298236,63,3397,209,209
0.84999999999999998,2,2,before,0.013395300000000001,0.0001973,0.23825070000000001,0.25184329999999999,33.561160244298236,63,3397,209,209
0.90000000000000002,0,0,after,0.013597100000000001,0.00018459999999999999,0.037779500000000001,0.051561200000000001,8.229129791261208,12,2071,20,20
0.90000000000000002,0,0,before,0.0137836,0.00025179999999999999,0.046372200000000002,0.060407599999999999,8.229129791261208,12,2071,20,20
0.90000000000000002,0,1,before,0.013098500000000001,0.00020570000000000001,0.046116499999999998,0.0594207,8.229129791261208,12,2071,20,20
0.90000000000000002,0,1,after,0.013439599999999999,0.00021890000000000001,0.0396035,0.053261999999999997,8.229129791261208,12,2071,20,20
0.90000000000000002,0,2,after,0.0134501,0.00021689999999999999,0.040550799999999998,0.054217799999999997,8.229129791261208,12,2071,20,20
0.90000000000000002,0,2,before,0.0137313,0.0002063,0.047790800000000001,0.061728400000000003,8.229129791261208,12,2071,20,20
0.90000000000000002,1,0,before,0.0146719,0.00031690000000000001,0.0072189999999999997,0.0222078,1.9012818656455714,3,266,21,21
0.90000000000000002,1,0,after,0.0131252,0.00017560000000000001,0.0053644000000000001,0.0186652,1.9012818656455714,3,266,21,21
0.90000000000000002,1,1,after,0.014094600000000001,0.00024379999999999999,0.0053644000000000001,0.019702799999999999,1.9012818656455714,3,266,21,21
0.90000000000000002,1,1,before,0.013009400000000001,0.0001951,0.0071015999999999996,0.020306100000000001,1.9012818656455714,3,266,21,21
0.90000000000000002,1,2,before,0.0128033,0.00017009999999999999,0.0061270999999999999,0.019100499999999999,1.9012818656455714,3,266,21,21
0.90000000000000002,1,2,after,0.012974899999999999,0.0001964,0.0057386,0.0189099,1.9012818656455714,3,266,21,21
0.90000000000000002,2,0,after,0.0137716,0.00021489999999999999,0.0228872,0.036873700000000002,10.284746240214963,15,1106,22,22
0.90000000000000002,2,0,before,0.013369900000000001,0.00024000000000000001,0.026072100000000001,0.039682000000000002,10.284746240214963,15,1106,22,22
0.90000000000000002,2,1,before,0.0129826,0.00019880000000000001,0.028964799999999999,0.042146200000000002,10.284746240214963,15,1106,22,22
0.90000000000000002,2,1,after,0.0125319,0.00022709999999999999,0.021987300000000001,0.034746300000000001,10.284746240214963,15,1106,22,22
0.90000000000000002,2,2,after,0.0129812,0.00018919999999999999,0.022181200000000002,0.035351599999999997,10.284746240214963,15,1106,22,22
0.90000000000000002,2,2,before,0.0131752,0.00018660000000000001,0.026271800000000001,0.039633599999999998,10.284746240214963,15,1106,22,22
