sweep,parameter_value,algorithm,instance,run_seconds_baseline,run_seconds_reuse,run_seconds_change_pct,fidelity_gain_baseline,fidelity_gain_reuse,fidelity_gain_change_pct,succ_request_cnt_baseline,succ_request_cnt_reuse,succ_request_cnt_change_pct,actual_req_cnt_baseline,actual_req_cnt_reuse,actual_req_cnt_change_pct,oracle_calls_baseline,oracle_calls_reuse,oracle_calls_change_pct,dp_paths_baseline,dp_paths_reuse,dp_paths_change_pct
fidelity_threshold,0.7,ZFA,0,0.5529164,0.3632823,-34.29706552382964,60.653575062,60.682977928,0.04847672370498213,81.417341181,81.434525381,0.021106314392893566,100.0,100.0,0.0,407.0,228.0,-43.98034398034398,9336.0,5171.0,-44.61225364181662
fidelity_threshold,0.7,ZFA,1,0.4010953,0.2429217,-39.43541597221408,58.176272542,58.136740173,-0.06795273618029896,79.122387555,79.163466548,0.051918293000752236,97.0,97.0,0.0,395.0,209.0,-47.088607594936704,6630.0,3545.0,-46.53092006033182
fidelity_threshold,0.7,ZFA,2,0.4197472,0.2563969,-38.91635250931989,61.366349999,61.439339463,0.11894053337242472,83.060873988,83.177408515,0.14030014542929514,100.0,100.0,0.0,407.0,237.0,-41.76904176904177,6678.0,3907.0,-41.49445941898772
fidelity_threshold,0.7,ZFA,3,0.6270485,0.3726251,-40.57475617914723,62.304502068,62.356678134,0.0837436529756097,83.920501209,83.954495548,0.04050778833570856,100.0,100.0,0.0,398.0,236.0,-40.7035175879397,7663.0,4701.0,-38.653268954717475
fidelity_threshold,0.7,ZFA,4,0.4440916,0.2537702,-42.856338647252045,61.287882281,61.267029432,-0.03402442411762907,83.024224463,83.018206518,-0.007248420613281681,100.0,100.0,0.0,393.0,227.0,-42.23918575063613,7388.0,4319.0,-41.540335679480236
fidelity_threshold,0.7,ZFA2,0,9.3916147,5.7186009,-39.109502650273754,60.653575062,60.682977928,0.04847672370498213,81.417341181,81.434525381,0.021106314392893566,100.0,100.0,0.0,407.0,228.0,-43.98034398034398,9336.0,5171.0,-44.61225364181662
fidelity_threshold,0.7,ZFA2,1,6.9889356,4.0665005,-41.81516710498806,58.176272542,58.136740173,-0.06795273618029896,79.122387555,79.163466548,0.051918293000752236,97.0,97.0,0.0,395.0,209.0,-47.088607594936704,6630.0,3545.0,-46.53092006033182
fidelity_threshold,0.7,ZFA2,2,6.3741366,3.7945919,-40.46892719556716,61.366349999,61.439339463,0.11894053337242472,83.060873988,83.177408515,0.14030014542929514,100.0,100.0,0.0,407.0,237.0,-41.76904176904177,6678.0,3907.0,-41.49445941898772
fidelity_threshold,0.7,ZFA2,3,24.0003229,13.0714647,-45.53629651374399,62.304502068,62.356678134,0.0837436529756097,83.920501209,83.954495548,0.04050778833570856,100.0,100.0,0.0,398.0,236.0,-40.7035175879397,7663.0,4701.0,-38.653268954717475
fidelity_threshold,0.7,ZFA2,4,9.0958126,5.2155617,-42.65974982817917,61.287882281,61.267029432,-0.03402442411762907,83.024224463,83.018206518,-0.007248420613281681,100.0,100.0,0.0,393.0,227.0,-42.23918575063613,7388.0,4319.0,-41.540335679480236
fidelity_threshold,0.75,ZFA,0,0.332717,0.1745335,-47.54295692735868,57.161127835,57.16845255,0.012814154089357821,76.086006726,76.103773309,0.02335065771554845,92.0,92.0,0.0,390.0,214.0,-45.128205128205124,8849.0,4766.0,-46.14080687083286
fidelity_threshold,0.75,ZFA,1,0.2394019,0.1340394,-44.01072004858775,54.982913282,54.952460708,-0.05538552285110354,73.726572743,73.699838757,-0.036260991126224607,90.0,90.0,0.0,375.0,199.0,-46.93333333333334,6712.0,3635.0,-45.843265792610254
fidelity_threshold,0.75,ZFA,2,0.2390458,0.1397599,-41.53425828857902,57.558130703,57.50354461,-0.09483645895602688,77.237894624,77.235305973,-0.0033515297285235945,92.0,92.0,0.0,393.0,227.0,-42.23918575063613,6521.0,3803.0,-41.68072381536574
fidelity_threshold,0.75,ZFA,3,0.3219984,0.1967401,-38.90028646105074,57.216171267,57.22469313,0.014894151096256358,76.098456046,76.12237064,0.03142585965942857,90.0,90.0,0.0,377.0,222.0,-41.11405835543766,7369.0,4509.0,-38.811236260008144
fidelity_threshold,0.75,ZFA,4,0.2518062,0.1470443,-41.60417813381878,56.433759921,56.410825204,-0.040640065507069334,75.539889078,75.532037944,-0.010393361832850001,90.0,90.0,0.0,374.0,214.0,-42.78074866310161,7366.0,4256.0,-42.22101547651371
fidelity_threshold,0.75,ZFA2,0,4.6135943,2.5399942,-44.94543657642372,59.614068723,60.402303675,1.3222297502667901,79.67938906,80.846829367,1.4651722619520635,98.0,100.0,2.0408163265306145,402.0,228.0,-43.28358208955224,9198.0,5131.0,-44.21613394216134
fidelity_threshold,0.75,ZFA2,1,3.5255339,2.0642499,-41.44858740402411,58.321945176,58.324864412,0.005005381749856319,78.730749428,78.73234482,0.002026389957654473,97.0,97.0,0.0,387.0,217.0,-43.92764857881137,6676.0,3694.0,-44.66746554823248
fidelity_threshold,0.75,ZFA2,2,3.4251929,2.005837,-41.43871429839761,60.16121421,59.723939324,-0.7268385316719805,81.101355986,80.500299982,-0.7411170832997582,98.0,97.0,-1.0204081632653073,403.0,237.0,-41.19106699751861,6591.0,3894.0,-40.91943559399181
fidelity_threshold,0.75,ZFA2,3,7.3171304,4.4598112,-39.04972364576146,62.065162232,62.049546828,-0.025159692552856328,83.249835841,83.211796043,-0.04569354115322444,100.0,100.0,0.0,394.0,240.0,-39.086294416243646,7613.0,4745.0,-37.67240246946013
fidelity_threshold,0.75,ZFA2,4,3.9129483,2.5067619,-35.93674876818588,61.020103466,60.984278261,-0.05871049533694439,82.330045853,82.324027908,-0.007309536801114458,100.0,100.0,0.0,387.0,232.0,-40.0516795865633,7379.0,4353.0,-41.008266702805265
fidelity_threshold,0.8,ZFA,0,0.1492811,0.0833593,-44.159508470931684,40.403580689,40.403580689,0.0,52.175352544,52.175352544,0.0,60.0,60.0,0.0,305.0,156.0,-48.852459016393446,7128.0,3438.0,-51.767676767676775
fidelity_threshold,0.8,ZFA,1,0.1143523,0.084041,-26.506943891815027,39.761713748,39.76284245,0.0028386653733170064,52.05062458,52.048318369,-0.0044307076401239875,60.0,60.0,0.0,301.0,157.0,-47.840531561461795,5094.0,2735.0,-46.30938358853554
fidelity_threshold,0.8,ZFA,2,0.1128283,0.0608689,-46.05174411029858,39.38631414,39.337185571,-0.12473512709357815,50.928006801,50.875491657,-0.1031164329780343,60.0,60.0,0.0,306.0,164.0,-46.40522875816993,5390.0,2815.0,-47.77365491651205
fidelity_threshold,0.8,ZFA,3,0.161061,0.0890438,-44.71423870459018,40.677914365,40.745694474,0.16662631321706645,52.367540199,52.399758167,0.06152278277262724,60.0,60.0,0.0,305.0,172.0,-43.606557377049185,6733.0,3755.0,-44.229912371899594
fidelity_threshold,0.8,ZFA,4,0.14114,0.0801038,-43.245146662887905,40.219740674,39.869907909,-0.8698036315936575,52.426020196,52.057821527,-0.7023204653404003,60.0,60.0,0.0,296.0,169.0,-42.9054054054054,6661.0,3873.0,-41.855577240654554
fidelity_threshold,0.8,ZFA2,0,1.6172308,0.9147078,-43.43987265144838,53.006229036,53.367217735,0.6810307119844872,69.189299848,69.619722434,0.6220941488721099,89.0,90.0,1.1235955056179803,362.0,217.0,-40.05524861878453,8021.0,4630.0,-42.276524124174045
fidelity_threshold,0.8,ZFA2,1,1.1454577,0.7157512,-37.513956211565024,50.739852218,50.700221416,-0.07810586800633956,66.849589671,66.815996116,-0.05025244756974301,88.0,88.0,0.0,351.0,205.0,-41.5954415954416,5747.0,3552.0,-38.19384026448582
fidelity_threshold,0.8,ZFA2,2,1.2160113,0.8322652,-31.55777417528932,52.225090543,52.000108109,-0.43079376533536884,68.271772418,67.947052585,-0.47562824502618284,87.0,87.0,0.0,363.0,227.0,-37.46556473829201,5876.0,3679.0,-37.38938053097345
fidelity_threshold,0.8,ZFA2,3,1.9674107,1.2606223,-35.924802076150144,55.046849926,55.938623571,1.6200266612872882,71.820220959,72.981525917,1.6169609930091422,90.0,92.0,2.2222222222222143,348.0,228.0,-34.48275862068966,6800.0,4266.0,-37.26470588235294
fidelity_threshold,0.8,ZFA2,4,1.3847163,0.8459956,-38.90477060174709,51.967547675,51.661202531,-0.5894931696909245,68.351085626,67.864644666,-0.7116799324324963,87.0,86.0,-1.1494252873563204,345.0,216.0,-37.39130434782608,6946.0,4232.0,-39.0728476821192
fidelity_threshold,0.85,ZFA,0,0.0369344,0.0193313,-47.660446629700225,9.690900379,9.690900379,0.0,11.682307572,11.682307572,0.0,13.0,13.0,0.0,100.0,52.0,-48.0,2692.0,1411.0,-47.585438335809805
fidelity_threshold,0.85,ZFA,1,0.0211655,0.0144471,-31.742222012236898,5.768813672,5.768813672,0.0,7.13659957,7.13659957,0.0,8.0,8.0,0.0,68.0,44.0,-35.29411764705882,1670.0,1124.0,-32.69461077844311
fidelity_threshold,0.85,ZFA,2,0.0220979,0.0143621,-35.00694636141897,11.15655168,11.165327426,0.07866002194685251,13.451722668,13.463756824,0.08946182059363927,15.0,15.0,0.0,112.0,68.0,-39.28571428571429,1487.0,954.0,-35.84398117014123
fidelity_threshold,0.85,ZFA,3,0.0388242,0.0187807,-51.62630524260642,10.573747271,10.573747271,0.0,12.560943885,12.560943885,0.0,14.0,14.0,0.0,106.0,45.0,-57.54716981132076,2382.0,1068.0,-55.16372795969773
fidelity_threshold,0.85,ZFA,4,0.0299272,0.0166207,-44.46289662915341,8.793684971,8.793684971,0.0,10.76689362,10.76689362,0.0,12.0,12.0,0.0,94.0,56.0,-40.42553191489362,2324.0,1233.0,-46.94492254733219
fidelity_threshold,0.85,ZFA2,0,0.3300443,0.2607387,-20.998878029403933,37.374302462,38.008694522,1.6974017391896634,46.035454375,46.820427434,1.7051489328327118,64.0,66.0,3.125,267.0,211.0,-20.973782771535575,5486.0,4560.0,-16.879329201604087
fidelity_threshold,0.85,ZFA2,1,0.2217166,0.1751312,-21.011236867244055,32.283233444,32.836280623,1.713109623790765,39.991261723,40.680335569,1.7230610296141258,57.0,58.0,1.7543859649122862,251.0,204.0,-18.72509960159362,3789.0,3149.0,-16.891000263921875
fidelity_threshold,0.85,ZFA2,2,0.2762195,0.2184343,-20.920029179692246,34.096682923,33.561160244,-1.5706005191454153,41.966689676,41.294099954,-1.6026751864220534,64.0,63.0,-1.5625,257.0,208.0,-19.06614785992218,4129.0,3397.0,-17.728263502058606
fidelity_threshold,0.85,ZFA2,3,0.4209657,0.2911452,-30.83873579248856,34.603597963,35.027259383,1.2243276564853245,42.375322787,42.902289416,1.2435695927292434,55.0,56.0,1.8181818181818077,260.0,196.0,-24.615384615384617,5249.0,4115.0,-21.604115069537055
fidelity_threshold,0.85,ZFA2,4,0.2772321,0.2063852,-25.555085432026093,32.350598974,32.912897311,1.7381388748069826,39.971347296,40.667659149,1.7420274774417877,56.0,57.0,1.7857142857142794,252.0,205.0,-18.650793650793652,4709.0,3687.0,-21.70312168188575
fidelity_threshold,0.9,ZFA,0,0.0011082,0.0011177,0.8572459844793379,0.0,0.0,0,0.0,0.0,0,0.0,0.0,0,1.0,1.0,0.0,110.0,110.0,0.0
fidelity_threshold,0.9,ZFA,1,0.0009316,0.0010617,13.965221124946336,0.0,0.0,0,0.0,0.0,0,0.0,0.0,0,1.0,1.0,0.0,89.0,89.0,0.0
fidelity_threshold,0.9,ZFA,2,0.0009485,0.0010218,7.7279915656299325,0.0,0.0,0,0.0,0.0,0,0.0,0.0,0,1.0,1.0,0.0,95.0,95.0,0.0
fidelity_threshold,0.9,ZFA,3,0.0090985,0.0050576,-44.41281529922515,3.960349603,3.960349603,0.0,4.499387489,4.499387489,0.0,5.0,5.0,0.0,46.0,21.0,-54.347826086956516,513.0,288.0,-43.85964912280702
fidelity_threshold,0.9,ZFA,4,0.0010531,0.0010426,-0.9970563099420682,0.0,0.0,0,0.0,0.0,0,0.0,0.0,0,1.0,1.0,0.0,96.0,96.0,0.0
fidelity_threshold,0.9,ZFA2,0,0.0510601,0.0462551,-9.410479023738683,8.229129791,8.229129791,0.0,9.456753607,9.456753607,0.0,12.0,12.0,0.0,87.0,72.0,-17.24137931034483,2233.0,2071.0,-7.254814151365874
fidelity_threshold,0.9,ZFA2,1,0.007163,0.0066743,-6.822560379729159,1.901281866,1.901281866,0.0,2.183323514,2.183323514,0.0,3.0,3.0,0.0,30.0,25.0,-16.666666666666664,286.0,266.0,-6.99300699300699
fidelity_threshold,0.9,ZFA2,2,0.0327984,0.0259835,-20.778147714522653,10.208930439,10.28474624,0.7426419589496858,11.746103612,11.833048264,0.7401999409504256,15.0,15.0,0.0,108.0,81.0,-25.0,1401.0,1106.0,-21.056388294075656
fidelity_threshold,0.9,ZFA2,3,0.063342,0.0480011,-24.2191594834391,9.881672236,9.884649146,0.030125569123362617,11.321350477,11.325226876,0.03423972261857866,14.0,14.0,0.0,95.0,69.0,-27.368421052631575,2057.0,1811.0,-11.959163830821584
fidelity_threshold,0.9,ZFA2,4,0.0364243,0.0372896,2.375611885472062,7.129120091,7.127054262,-0.028977334841195912,8.202240001,8.203768226,0.018631800579016478,11.0,11.0,0.0,80.0,74.0,-7.499999999999996,1851.0,1787.0,-3.45759049162615
request_cnt,80.0,ZFA,0,0.1044528,0.0533088,-48.96374247507007,32.5966927,32.5966927,0.0,41.919061205,41.919061205,0.0,48.0,48.0,0.0,260.0,132.0,-49.23076923076923,4790.0,2252.0,-52.98538622129436
request_cnt,80.0,ZFA,1,0.08579,0.053089,-38.11749621167969,31.826696292,31.826696292,0.0,41.626581444,41.626581444,0.0,48.0,48.0,0.0,258.0,138.0,-46.51162790697675,4180.0,2241.0,-46.387559808612444
request_cnt,80.0,ZFA,2,0.087505,0.0506331,-42.13690646248786,31.779118519,31.787894265,0.027614818814902797,41.011556953,41.023591109,0.0293433287933631,48.0,48.0,0.0,261.0,144.0,-44.827586206896555,4071.0,2168.0,-46.74527143208057
request_cnt,80.0,ZFA,3,0.187007,0.0656363,-64.9016881721005,32.714181731,32.70663067,-0.023081919218048697,42.017839793,41.994942591,-0.05449400091200873,48.0,48.0,0.0,260.0,144.0,-44.61538461538461,4961.0,2665.0,-46.28099173553719
request_cnt,80.0,ZFA,4,0.1544338,0.0559031,-63.8012533525692,32.271297797,32.271297797,0.0,42.161436024,42.161436024,0.0,48.0,48.0,0.0,257.0,142.0,-44.747081712062254,4838.0,2723.0,-43.716411740388594
request_cnt,80.0,ZFA2,0,1.216475,0.6993536,-42.5098255204587,42.066856841,42.010867141,-0.13309694187904064,54.659279727,54.598433953,-0.11131828722203974,72.0,72.0,0.0,322.0,194.0,-39.75155279503105,5759.0,3286.0,-42.94148289633617
request_cnt,80.0,ZFA2,1,1.0334424,0.6795854,-34.2406117651066,42.205533755,42.187401083,-0.04296278328159708,55.637310322,55.613169106,-0.04339033619755739,75.0,75.0,0.0,316.0,187.0,-40.82278481012658,5296.0,3289.0,-37.896525679758305
request_cnt,80.0,ZFA2,2,1.2401815,0.6176645,-50.19563668704945,43.721930635,43.803133552,0.18572582642313318,57.158312438,57.259993295,0.17789338534144328,74.0,74.0,0.0,327.0,205.0,-37.30886850152905,4819.0,3012.0,-37.497406100850796
request_cnt,80.0,ZFA2,3,2.4931476,1.124846,-54.88249472273523,45.959118453,46.390945851,0.9395902544162116,59.966244399,60.532250692,0.9438748393745255,76.0,77.0,1.3157894736842035,312.0,211.0,-32.37179487179487,5468.0,3476.0,-36.43013899049012
request_cnt,80.0,ZFA2,4,1.2099728,0.6897707,-42.992875542326246,44.006820449,44.036203322,0.06676890695624937,57.913314242,57.935461476,0.03824204207594217,76.0,76.0,0.0,316.0,207.0,-34.49367088607595,5388.0,3504.0,-34.96659242761693
request_cnt,100.0,ZFA,0,0.1640263,0.0773298,-52.85524333597722,40.403580689,40.403580689,0.0,52.175352544,52.175352544,0.0,60.0,60.0,0.0,305.0,156.0,-48.852459016393446,7128.0,3438.0,-51.767676767676775
request_cnt,100.0,ZFA,1,0.1477075,0.0664243,-55.02983937850142,39.761713748,39.76284245,0.0028386653733170064,52.05062458,52.048318369,-0.0044307076401239875,60.0,60.0,0.0,301.0,157.0,-47.840531561461795,5094.0,2735.0,-46.30938358853554
request_cnt,100.0,ZFA,2,0.1328532,0.0583249,-56.09823474331066,39.38631414,39.337185571,-0.12473512709357815,50.928006801,50.875491657,-0.1031164329780343,60.0,60.0,0.0,306.0,164.0,-46.40522875816993,5390.0,2815.0,-47.77365491651205
request_cnt,100.0,ZFA,3,0.1741487,0.0855469,-50.877095263989915,40.677914365,40.745694474,0.16662631321706645,52.367540199,52.399758167,0.06152278277262724,60.0,60.0,0.0,305.0,172.0,-43.606557377049185,6733.0,3755.0,-44.229912371899594
request_cnt,100.0,ZFA,4,0.1970719,0.1138702,-42.218956634608986,40.219740674,39.869907909,-0.8698036315936575,52.426020196,52.057821527,-0.7023204653404003,60.0,60.0,0.0,296.0,169.0,-42.9054054054054,6661.0,3873.0,-41.855577240654554
request_cnt,100.0,ZFA2,0,2.0516857,0.9236209,-54.9823396439328,53.006229036,53.367217735,0.6810307119844872,69.189299848,69.619722434,0.6220941488721099,89.0,90.0,1.1235955056179803,362.0,217.0,-40.05524861878453,8021.0,4630.0,-42.276524124174045
request_cnt,100.0,ZFA2,1,1.4255939,0.6830692,-52.08528880489738,50.739852218,50.700221416,-0.07810586800633956,66.849589671,66.815996116,-0.05025244756974301,88.0,88.0,0.0,351.0,205.0,-41.5954415954416,5747.0,3552.0,-38.19384026448582
request_cnt,100.0,ZFA2,2,1.4254743,0.7324267,-48.61873693548877,52.225090543,52.000108109,-0.43079376533536884,68.271772418,67.947052585,-0.47562824502618284,87.0,87.0,0.0,363.0,227.0,-37.46556473829201,5876.0,3679.0,-37.38938053097345
request_cnt,100.0,ZFA2,3,2.3002832,1.3449021,-41.533194695331424,55.046849926,55.938623571,1.6200266612872882,71.820220959,72.981525917,1.6169609930091422,90.0,92.0,2.2222222222222143,348.0,228.0,-34.48275862068966,6800.0,4266.0,-37.26470588235294
request_cnt,100.0,ZFA2,4,1.9395516,0.983189,-49.308438094660644,51.967547675,51.661202531,-0.5894931696909245,68.351085626,67.864644666,-0.7116799324324963,87.0,86.0,-1.1494252873563204,345.0,216.0,-37.39130434782608,6946.0,4232.0,-39.0728476821192
request_cnt,120.0,ZFA,0,0.2078124,0.1182899,-43.078516970113434,48.383219778,48.338477011,-0.09247579471827194,62.570652039,62.52214665,-0.07752099014369795,72.0,72.0,0.0,342.0,181.0,-47.07602339181286,8900.0,4627.0,-48.01123595505617
request_cnt,120.0,ZFA,1,0.1328956,0.0780138,-41.29692781401341,47.52566155,47.530334115,0.009831667456294824,62.257748253,62.254731222,-0.004846032959215929,72.0,72.0,0.0,336.0,186.0,-44.64285714285714,6007.0,3387.0,-43.615781588147165
request_cnt,120.0,ZFA,2,0.1762301,0.0732858,-58.41470895153552,46.964101235,46.90619692,-0.12329484324689055,60.787554484,60.723005184,-0.10618834817082146,72.0,72.0,0.0,345.0,180.0,-47.82608695652174,6451.0,3399.0,-47.31049449697722
request_cnt,120.0,ZFA,3,0.1937018,0.109717,-43.357779845102115,48.726943357,48.8234203,0.19799506464659444,62.857220193,62.894807662,0.05979817256407394,72.0,72.0,0.0,345.0,196.0,-43.188405797101446,8554.0,4770.0,-44.236614449380404
request_cnt,120.0,ZFA,4,0.173923,0.101859,-41.43442787900392,48.230081982,48.044954667,-0.38384200771023336,62.834848351,62.598447505,-0.376225696733512,72.0,72.0,0.0,334.0,188.0,-43.712574850299404,7751.0,4508.0,-41.839762611275965
request_cnt,120.0,ZFA2,0,2.1011442,1.3115417,-37.579643510426365,61.75594154,61.281575867,-0.7681296101570201,80.557447794,79.91266788,-0.8003976437396809,102.0,100.0,-1.9607843137254943,396.0,242.0,-38.888888888888886,9846.0,5914.0,-39.934998984359126
request_cnt,120.0,ZFA2,1,1.4390888,0.9017057,-37.341899957806625,57.779661113,58.09248302,0.5414048836115848,76.052331147,76.484641962,0.5684386112562168,97.0,98.0,1.0309278350515427,380.0,227.0,-40.26315789473684,6796.0,4197.0,-38.24308416715715
request_cnt,120.0,ZFA2,2,1.5957438,0.9353244,-41.38630524524049,60.229646307,60.024895026,-0.33995099349637403,78.749167441,78.528142931,-0.28066901172711933,99.0,99.0,0.0,397.0,243.0,-38.79093198992444,7089.0,4412.0,-37.76273099167725
request_cnt,120.0,ZFA2,3,2.3509889,1.5475697,-34.17367049244682,64.764966708,64.717533892,-0.07323838552075745,84.509523727,84.426787427,-0.09790174686971076,105.0,105.0,0.0,381.0,249.0,-34.645669291338585,8660.0,5499.0,-36.50115473441109
request_cnt,120.0,ZFA2,4,1.7043823,1.0506266,-38.35733919555489,59.960074787,59.123729015,-1.394837773253299,78.664345084,77.58687234,-1.3697091647422388,98.0,96.0,-2.0408163265306145,379.0,238.0,-37.203166226912934,7700.0,4832.0,-37.24675324675325
request_cnt,140.0,ZFA,0,0.2156986,0.1151473,-46.616575165531906,56.368564001,56.368564001,0.0,72.89342576,72.89342576,0.0,84.0,84.0,0.0,375.0,198.0,-47.199999999999996,10465.0,5584.0,-46.64118490205447
request_cnt,140.0,ZFA,1,0.16121,0.0947257,-41.240803920352334,55.352275315,55.372883069,0.037230184094005914,72.562684679,72.579349412,0.022965981859290885,84.0,84.0,0.0,364.0,202.0,-44.505494505494504,6936.0,3935.0,-43.26701268742791
request_cnt,140.0,ZFA,2,0.1587679,0.083747,-47.25193190815019,54.717072062,54.847403547,0.2381916284780683,70.965697772,71.119893773,0.2172824418571917,84.0,84.0,0.0,379.0,202.0,-46.70184696569921,7303.0,3963.0,-45.734629604272214
request_cnt,140.0,ZFA,3,0.2139417,0.1291986,-39.6103704887827,56.759246366,56.806177846,0.08268517114791152,73.253558902,73.26866679,0.020624101035449094,84.0,84.0,0.0,379.0,210.0,-44.5910290237467,9289.0,5236.0,-43.63225320271289
request_cnt,140.0,ZFA,4,0.1913529,0.1195751,-37.51069359283292,56.116495066,56.417782855,0.5368970186852229,73.015903105,73.373772535,0.49012532171979206,84.0,84.0,0.0,362.0,199.0,-45.027624309392266,8574.0,5046.0,-41.14765570328901
request_cnt,140.0,ZFA2,0,2.4688148,1.4835964,-39.906533288766745,70.503157363,70.467506936,-0.05056571695993828,91.892226574,91.864304341,-0.030385848772018775,114.0,114.0,0.0,427.0,261.0,-38.875878220140514,11850.0,7328.0,-38.16033755274262
request_cnt,140.0,ZFA2,1,1.663612,1.0008256,-39.8402031242862,66.222047154,65.934841396,-0.4337011166871685,87.179697945,86.778488351,-0.4602098922768971,110.0,109.0,-0.9090909090909038,411.0,244.0,-40.63260340632603,7666.0,4661.0,-39.1990607878946
request_cnt,140.0,ZFA2,2,1.6873791,1.0445929,-38.09376328058111,68.89874929,69.363908018,0.6751337764378196,90.164050347,90.847206741,0.7576815719467334,113.0,114.0,0.8849557522123908,434.0,265.0,-38.94009216589862,8129.0,5059.0,-37.766022881043185
request_cnt,140.0,ZFA2,3,2.5650598,1.6609812,-35.24590732738472,72.800550311,72.342231406,-0.6295541765029,94.956425616,94.296439001,-0.6950415527106846,117.0,116.0,-0.8547008547008517,413.0,259.0,-37.28813559322034,9794.0,5978.0,-38.96263018174393
request_cnt,140.0,ZFA2,4,1.973444,1.2386981,-37.23165694086076,68.254244827,68.173171257,-0.11878172589189218,89.415296658,89.408369155,-0.007747559152537775,110.0,110.0,0.0,414.0,254.0,-38.64734299516909,8695.0,5356.0,-38.40138010350776
request_cnt,160.0,ZFA,0,0.3065477,0.1645644,-46.31687009884595,64.377453302,64.503024576,0.19505473975636178,83.294446587,83.441776157,0.17687802252954743,96.0,96.0,0.0,405.0,228.0,-43.7037037037037,13467.0,7812.0,-41.991534862998435
request_cnt,160.0,ZFA,1,0.177971,0.102287,-42.52602952166363,63.33014476,62.610765492,-1.135919190973289,82.997663632,82.095801226,-1.0866117990968038,96.0,95.0,-1.041666666666663,391.0,221.0,-43.47826086956522,7544.0,4371.0,-42.05991516436903
request_cnt,160.0,ZFA,2,0.1755892,0.0999145,-43.09758231144056,62.303669959,62.326968561,0.037395232119297184,80.834746745,80.871878301,0.04593514236783669,96.0,96.0,0.0,413.0,224.0,-45.76271186440678,8545.0,4677.0,-45.26623756582797
request_cnt,160.0,ZFA,3,0.2590955,0.142123,-45.14648073779745,64.865358754,64.903231331,0.05838644498001866,83.849035226,83.886259576,0.04439448814130831,96.0,96.0,0.0,411.0,230.0,-44.038929440389296,11205.0,6235.0,-44.355198572066044
request_cnt,160.0,ZFA,4,0.2330689,0.1358212,-41.72487191555801,64.2220475,64.142290609,-0.12418926849070422,83.59525795,83.476711554,-0.1418099529890804,96.0,96.0,0.0,390.0,215.0,-44.87179487179487,10385.0,5999.0,-42.23399133365431
request_cnt,160.0,ZFA2,0,3.1034087,2.030894,-34.559247707206595,80.731240962,80.798922926,0.08383614966585018,105.257288679,105.344232242,0.08260099047883163,130.0,130.0,0.0,460.0,293.0,-36.30434782608696,14756.0,9630.0,-34.738411493629705
request_cnt,160.0,ZFA2,1,1.7821777,1.0547636,-40.81602524821179,72.935949428,72.697526417,-0.3268936825664537,95.988567423,95.591864877,-0.41328103611737443,118.0,116.0,-1.6949152542372836,436.0,257.0,-41.055045871559635,8354.0,5009.0,-40.04069906631553
request_cnt,160.0,ZFA2,2,1.9656462,1.2124474,-38.318126629298796,77.516433951,77.507254405,-0.011842064362510563,101.420895443,101.437394086,0.016267498850131012,127.0,127.0,0.0,464.0,286.0,-38.36206896551724,9433.0,5887.0,-37.59143432630129
request_cnt,160.0,ZFA2,3,2.8750158,1.7876601,-37.82085997579561,79.412553643,79.559459585,0.18499082986351834,103.61685455,103.609851453,-0.0067586465835156595,126.0,126.0,0.0,442.0,275.0,-37.782805429864254,11715.0,6907.0,-41.041399914639356
request_cnt,160.0,ZFA2,4,2.3615322,1.4480503,-38.681746537269326,75.684870145,76.420660662,0.9721764939152777,99.110038837,100.096393501,0.9952116612749862,121.0,122.0,0.8264462809917328,444.0,266.0,-40.090090090090094,10339.0,6094.0,-41.0581294129026
time_limit,7.0,ZFA,0,0.0528517,0.0308632,-41.60414896777209,40.243489658,40.239304799,-0.01039884720624995,52.018055989,52.010069354,-0.0153535822286055,60.0,60.0,0.0,224.0,128.0,-42.85714285714286,4990.0,2805.0,-43.787575150300604
time_limit,7.0,ZFA,1,0.0375273,0.023909,-36.28904823954827,37.090391547,37.767692656,1.8260823915588587,48.477508684,49.37958962,1.8608236282936952,56.0,57.0,1.7857142857142794,216.0,122.0,-43.518518518518526,3420.0,2077.0,-39.26900584795322
time_limit,7.0,ZFA,2,0.0413088,0.0239687,-41.9767700828879,39.054756591,38.938947961,-0.2965288740954364,50.591879412,50.462780811,-0.25517652734081686,60.0,60.0,0.0,227.0,130.0,-42.731277533039645,3835.0,2189.0,-42.920469361147326
time_limit,7.0,ZFA,3,0.055093,0.0362217,-34.25353493184252,40.649673381,40.69260601,0.10561617210942398,52.349008437,52.365999454,0.032457189748758,60.0,60.0,0.0,225.0,139.0,-38.22222222222222,4796.0,3055.0,-36.30108423686406
time_limit,7.0,ZFA,4,0.0455393,0.0373427,-17.998959140786084,36.798004703,36.175209208,-1.6924708283142964,47.857053377,47.133814659,-1.5112479080201413,55.0,54.0,-1.8181818181818188,212.0,128.0,-39.62264150943396,4361.0,2649.0,-39.25705113506076
time_limit,7.0,ZFA2,0,0.2203795,0.1475402,-33.0517584439569,49.023166975,48.503659151,-1.0597190186936167,63.828124346,63.079305339,-1.173180341225133,78.0,77.0,-1.2820512820512775,244.0,154.0,-36.885245901639344,5097.0,3215.0,-36.92368059642928
time_limit,7.0,ZFA2,1,0.1454265,0.095137,-34.580698840995275,42.891874839,43.854804386,2.2450162195391865,56.289112799,57.612735626,2.3514721785125037,68.0,70.0,2.941176470588225,236.0,140.0,-40.67796610169492,3459.0,2171.0,-37.23619543220585
time_limit,7.0,ZFA2,2,0.1680788,0.1078801,-35.81576022675078,48.696766254,48.504049966,-0.39574760877305604,63.49401065,63.312098279,-0.28650319792014045,79.0,79.0,0.0,248.0,158.0,-36.29032258064516,3924.0,2485.0,-36.67176350662589
time_limit,7.0,ZFA2,3,0.2517977,0.1607446,-36.161211957059194,45.566902889,44.912451565,-1.436242716767977,59.032402408,58.209493907,-1.3939945986146784,70.0,69.0,-1.4285714285714235,232.0,151.0,-34.91379310344828,4630.0,3067.0,-33.75809935205184
time_limit,7.0,ZFA2,4,0.196075,0.1189732,-39.32260614560755,43.009181496,42.379272669,-1.4645915246226604,56.229502635,55.480194623,-1.332588724577466,67.0,66.0,-1.4925373134328401,234.0,149.0,-36.32478632478633,4357.0,2732.0,-37.29630479687859
time_limit,9.0,ZFA,0,0.0814727,0.0454421,-44.22413888333146,40.373533099,40.314095155,-0.14722007076828358,52.155585521,52.078341766,-0.1481025555142068,60.0,60.0,0.0,257.0,140.0,-45.525291828793776,5788.0,3099.0,-46.45818935729095
time_limit,9.0,ZFA,1,0.0606481,0.0358597,-40.87250878428178,39.74092182,39.767672773,0.06731336812257904,52.030272159,52.051509151,0.04081660756087846,60.0,60.0,0.0,249.0,138.0,-44.57831325301205,3997.0,2354.0,-41.10582937202902
time_limit,9.0,ZFA,2,0.0640759,0.0354878,-44.61599446905935,39.160256883,39.160256883,0.0,50.647032544,50.647032544,0.0,60.0,60.0,0.0,258.0,145.0,-43.798449612403104,4424.0,2450.0,-44.620253164556964
time_limit,9.0,ZFA,3,0.0887925,0.0570589,-35.73905453726384,40.711296506,40.675423354,-0.08811596553970347,52.362575579,52.324409665,-0.07288777066060126,60.0,60.0,0.0,256.0,153.0,-40.234375,5474.0,3384.0,-38.1804895871392
time_limit,9.0,ZFA,4,0.0741973,0.0432121,-41.760549238314596,39.876245082,39.846708352,-0.07407099123615257,52.058106838,52.051803581,-0.012108117991327383,60.0,60.0,0.0,245.0,145.0,-40.816326530612244,5266.0,3146.0,-40.25826053930878
time_limit,9.0,ZFA2,0,0.6065779,0.3771064,-37.830507837492924,51.490310496,51.386260963,-0.20207594787777783,67.09634164,67.010702981,-0.1276353626841531,83.0,83.0,0.0,289.0,184.0,-36.332179930795846,6448.0,4068.0,-36.9106699751861
time_limit,9.0,ZFA2,1,0.433851,0.2719306,-37.32166112328886,46.828089024,47.479912431,1.3919496195241576,61.570254383,62.458916217,1.4433298073970091,76.0,78.0,2.6315789473684292,280.0,167.0,-40.35714285714286,4439.0,2803.0,-36.8551475557558
time_limit,9.0,ZFA2,2,0.4708892,0.2924859,-37.88647095749913,49.42067368,49.342778501,-0.15761658674338097,64.47540622,64.329417435,-0.22642553736205162,80.0,80.0,0.0,294.0,186.0,-36.73469387755102,4729.0,2959.0,-37.42863184605625
time_limit,9.0,ZFA2,3,0.7468488,0.4619161,-38.1513232665032,50.077728618,50.041250118,-0.0728437591055009,65.113655791,65.080677818,-0.05064678460975358,79.0,79.0,0.0,274.0,181.0,-33.941605839416056,5624.0,3696.0,-34.28165007112376
time_limit,9.0,ZFA2,4,0.5214234,0.3125467,-40.05894250238865,47.027832483,47.412980443,0.818978761437128,61.782931044,62.220708263,0.7085730825690861,76.0,76.0,0.0,278.0,177.0,-36.33093525179856,5321.0,3272.0,-38.50779928584852
time_limit,11.0,ZFA,0,0.1123817,0.0588652,-47.620297610731996,40.358837922,40.403580689,0.1108623768763417,52.126847155,52.175352544,0.09305260465066745,60.0,60.0,0.0,283.0,150.0,-46.996466431095406,6363.0,3190.0,-49.86641521294987
time_limit,11.0,ZFA,1,0.0802449,0.0529502,-34.014248880614204,39.761713748,39.771374395,0.02429635468237379,52.05062458,52.057006145,0.012260304370026454,60.0,60.0,0.0,278.0,151.0,-45.68345323741008,4554.0,2608.0,-42.731664470794904
time_limit,11.0,ZFA,2,0.0879747,0.0488957,-44.42072550403696,39.160256883,39.169032629,0.02240982745904674,50.647032544,50.6590667,0.02376083137654028,60.0,60.0,0.0,285.0,157.0,-44.91228070175438,4902.0,2661.0,-45.716034271725825
time_limit,11.0,ZFA,3,0.115635,0.0847667,-26.69459938599905,40.647592849,40.686973268,0.09688253655337764,52.353213052,52.345423737,-0.014878389588557361,60.0,60.0,0.0,283.0,166.0,-41.342756183745585,6067.0,3573.0,-41.10763144882149
time_limit,11.0,ZFA,4,0.1019545,0.0886913,-13.008940262568114,40.147996141,39.968941159,-0.4459873448506735,52.409673011,52.175390666,-0.44702119196743384,60.0,60.0,0.0,275.0,158.0,-42.54545454545454,5992.0,3478.0,-41.95594125500668
time_limit,11.0,ZFA2,0,1.0741564,0.6208519,-42.20097743680529,52.285527358,52.029909613,-0.48888814537487724,68.184299102,67.839408273,-0.5058214772935554,86.0,85.0,-1.1627906976744207,328.0,201.0,-38.71951219512195,7299.0,4315.0,-40.882312645567886
time_limit,11.0,ZFA2,1,0.7759279,0.5081242,-34.51399285938809,49.11717978,48.797588706,-0.6506706521658523,64.662899954,64.232882978,-0.6650134409466602,83.0,82.0,-1.2048192771084376,316.0,189.0,-40.18987341772152,5162.0,3275.0,-36.55559860519178
time_limit,11.0,ZFA2,2,0.842936,0.5140685,-39.01452779333188,50.541331373,51.340000831,1.58023035069208,66.042704348,67.101245229,1.6028127428310723,83.0,85.0,2.4096385542168752,329.0,209.0,-36.474164133738604,5334.0,3359.0,-37.02662167229096
time_limit,11.0,ZFA2,3,1.2672994,0.7989675,-36.95511100218306,53.82170563,53.891872483,0.13036906240462276,70.129803487,70.151372117,0.030755297929774272,87.0,87.0,0.0,311.0,204.0,-34.40514469453376,6194.0,3947.0,-36.27704229899903
time_limit,11.0,ZFA2,4,0.8952676,0.5813613,-35.062846013862234,49.717438936,49.631191015,-0.17347619436115513,65.288500968,65.185513239,-0.15774252352718232,81.0,81.0,0.0,312.0,199.0,-36.21794871794872,6008.0,3788.0,-36.95073235685752
time_limit,13.0,ZFA,0,0.1494836,0.0731016,-51.09724411239761,40.403580689,40.403580689,0.0,52.175352544,52.175352544,0.0,60.0,60.0,0.0,305.0,156.0,-48.852459016393446,7128.0,3438.0,-51.767676767676775
time_limit,13.0,ZFA,1,0.119368,0.0621506,-47.93361704979559,39.761713748,39.76284245,0.0028386653733170064,52.05062458,52.048318369,-0.0044307076401239875,60.0,60.0,0.0,301.0,157.0,-47.840531561461795,5094.0,2735.0,-46.30938358853554
time_limit,13.0,ZFA,2,0.1127966,0.061734,-45.26962692137884,39.38631414,39.337185571,-0.12473512709357815,50.928006801,50.875491657,-0.1031164329780343,60.0,60.0,0.0,306.0,164.0,-46.40522875816993,5390.0,2815.0,-47.77365491651205
time_limit,13.0,ZFA,3,0.1540688,0.0870392,-43.50627771489102,40.677914365,40.745694474,0.16662631321706645,52.367540199,52.399758167,0.06152278277262724,60.0,60.0,0.0,305.0,172.0,-43.606557377049185,6733.0,3755.0,-44.229912371899594
time_limit,13.0,ZFA,4,0.1408862,0.0799437,-43.25654322424764,40.219740674,39.869907909,-0.8698036315936575,52.426020196,52.057821527,-0.7023204653404003,60.0,60.0,0.0,296.0,169.0,-42.9054054054054,6661.0,3873.0,-41.855577240654554
time_limit,13.0,ZFA2,0,1.5844883,0.909742,-42.58449241941389,53.006229036,53.367217735,0.6810307119844872,69.189299848,69.619722434,0.6220941488721099,89.0,90.0,1.1235955056179803,362.0,217.0,-40.05524861878453,8021.0,4630.0,-42.276524124174045
time_limit,13.0,ZFA2,1,1.134331,0.7296232,-35.67810453915127,50.739852218,50.700221416,-0.07810586800633956,66.849589671,66.815996116,-0.05025244756974301,88.0,88.0,0.0,351.0,205.0,-41.5954415954416,5747.0,3552.0,-38.19384026448582
time_limit,13.0,ZFA2,2,1.2110232,0.7700049,-36.41699845221793,52.225090543,52.000108109,-0.43079376533536884,68.271772418,67.947052585,-0.47562824502618284,87.0,87.0,0.0,363.0,227.0,-37.46556473829201,5876.0,3679.0,-37.38938053097345
time_limit,13.0,ZFA2,3,1.9647293,1.2645461,-35.63764229504797,55.046849926,55.938623571,1.6200266612872882,71.820220959,72.981525917,1.6169609930091422,90.0,92.0,2.2222222222222143,348.0,228.0,-34.48275862068966,6800.0,4266.0,-37.26470588235294
time_limit,13.0,ZFA2,4,1.4041081,0.8249148,-41.24990803770735,51.967547675,51.661202531,-0.5894931696909245,68.351085626,67.864644666,-0.7116799324324963,87.0,86.0,-1.1494252873563204,345.0,216.0,-37.39130434782608,6946.0,4232.0,-39.0728476821192
time_limit,15.0,ZFA,0,0.1774314,0.0863196,-51.350437408485746,40.403580689,40.403580689,0.0,52.175352544,52.175352544,0.0,60.0,60.0,0.0,320.0,161.0,-49.68749999999999,7415.0,3500.0,-52.798381658799734
time_limit,15.0,ZFA,1,0.13128,0.0704285,-46.35245277269957,39.745752143,39.765257611,0.04907560417986012,52.033462942,52.04991376,0.03161584309379073,60.0,60.0,0.0,318.0,162.0,-49.056603773584904,5293.0,2738.0,-48.271301719251845
time_limit,15.0,ZFA,2,0.1397548,0.0721583,-48.36792725545027,39.458741311,39.473264166,0.03680516538917544,51.017653502,51.042750902,0.049193560027238625,60.0,60.0,0.0,321.0,171.0,-46.728971962616825,5637.0,2911.0,-48.35905623558631
time_limit,15.0,ZFA,3,0.1869668,0.1013985,-45.76657460041034,40.723907618,40.704155923,-0.048501472857842565,52.365239449,52.387013527,0.04158116763928188,60.0,60.0,0.0,321.0,178.0,-44.54828660436137,6894.0,3753.0,-45.561357702349866
time_limit,15.0,ZFA,4,0.1688072,0.0964086,-42.88833651645191,40.147996141,40.461956639,0.7820078912466055,52.409673011,52.769698087,0.6869439462528826,60.0,60.0,0.0,315.0,175.0,-44.44444444444444,7117.0,3940.0,-44.639595335113114
time_limit,15.0,ZFA2,0,2.2990261,1.2690484,-44.80060926668036,53.513010212,53.711222549,0.37040027502610595,69.815060877,70.081297479,0.3813455129245913,90.0,91.0,1.1111111111111072,394.0,231.0,-41.370558375634516,8951.0,5049.0,-43.59289464864261
time_limit,15.0,ZFA2,1,1.6614068,1.0089336,-39.27233233907553,51.713836224,51.705143812,-0.01680867758938609,68.169353922,68.168734112,-0.0009092208805627777,91.0,91.0,0.0,385.0,224.0,-41.81818181818182,6610.0,4056.0,-38.63842662632375
time_limit,15.0,ZFA2,2,1.708037,0.9965427,-41.6556725644702,53.342970419,53.583227278,0.4504002253958195,69.736808256,70.081649421,0.4944894577539216,90.0,91.0,1.1111111111111072,395.0,245.0,-37.9746835443038,6496.0,3995.0,-38.5006157635468
time_limit,15.0,ZFA2,3,2.804272,1.7796971,-36.53621688623643,56.371297942,57.310170221,1.6655147446950735,73.567497108,74.763505807,1.6257297665628334,93.0,95.0,2.1505376344086002,380.0,253.0,-33.42105263157895,7695.0,4800.0,-37.62183235867447
time_limit,15.0,ZFA2,4,1.9963852,1.222904,-38.74408606114692,54.247458394,54.924725019,1.2484762328974108,71.374890873,72.280740635,1.2691434633669951,93.0,95.0,2.1505376344086002,384.0,249.0,-35.15625,7646.0,4883.0,-36.13654198273607
time_limit,17.0,ZFA,0,0.2130722,0.0976438,-54.173374095729045,40.403580689,40.403580689,0.0,52.175352544,52.175352544,0.0,60.0,60.0,0.0,336.0,167.0,-50.297619047619044,7642.0,3545.0,-53.61161999476577
time_limit,17.0,ZFA,1,0.1609794,0.0851042,-47.13348416008507,39.768959233,39.761713748,-0.018218945478432058,52.055410754,52.05062458,-0.009194383313237964,60.0,60.0,0.0,334.0,168.0,-49.70059880239521,5532.0,2845.0,-48.571945046999275
time_limit,17.0,ZFA,2,0.1736524,0.0872353,-49.764414427903105,39.482039912,39.467517057,-0.03678344642872311,51.054785058,51.029687658,-0.049157782118736115,60.0,60.0,0.0,336.0,178.0,-47.023809523809526,5945.0,3054.0,-48.629100084104294
time_limit,17.0,ZFA,3,0.2537778,0.12289,-51.5757485485334,40.745694474,40.812458755,0.16385603893094292,52.399758167,52.389828927,-0.01894901874995858,60.0,60.0,0.0,336.0,187.0,-44.345238095238095,7305.0,3961.0,-45.776865160848736
time_limit,17.0,ZFA,4,0.2035281,0.1336167,-34.34975317904505,40.432421546,40.468293812,0.08872153739094557,52.761809805,52.769983398,0.01549149475768008,60.0,60.0,0.0,331.0,183.0,-44.7129909365559,7443.0,4108.0,-44.80720139728604
time_limit,17.0,ZFA2,0,2.9916935,1.6554994,-44.663469035180235,54.496936053,54.751745735,0.46756698716454714,71.159563577,71.489435108,0.46356598385126624,94.0,95.0,1.0638297872340496,428.0,249.0,-41.822429906542055,10055.0,5559.0,-44.71407260069618
time_limit,17.0,ZFA2,1,2.2002272,1.3250549,-39.77645126830538,52.999863195,53.009517739,0.018216167774776082,69.907810858,69.92175044,0.0199399492401664,95.0,95.0,0.0,415.0,247.0,-40.481927710843365,7192.0,4554.0,-36.679644048943274
time_limit,17.0,ZFA2,2,2.2784336,1.2941887,-43.198313964471026,54.508075753,54.093874993,-0.7598887949685218,71.325944194,70.755055194,-0.8003945919695665,93.0,92.0,-1.0752688172043001,424.0,259.0,-38.91509433962265,7032.0,4271.0,-39.263367463026164
time_limit,17.0,ZFA2,3,3.6668691,2.4399645,-33.45918729414148,58.021965618,57.717176456,-0.5252996149883171,75.733382713,75.29318414,-0.5812477367717506,97.0,96.0,-1.0309278350515427,414.0,279.0,-32.608695652173914,8366.0,5293.0,-36.73201051876644
time_limit,17.0,ZFA2,4,2.6088197,1.6869753,-35.33568839579063,55.023910489,55.348907732,0.5906473024394954,72.384050822,72.825667601,0.610102327771056,95.0,96.0,1.0526315789473717,411.0,262.0,-36.25304136253041,8473.0,5291.0,-37.55458515283843
