sweep,parameter_value,request_count,fidelity_threshold,time_limit,instance,repetition,algorithm,epsilon,bucket_eps,threads,run_seconds,fidelity_gain,succ_request_cnt,actual_req_cnt,purification_rounds,oracle_calls,dual_updates,dp_paths,oracle_seconds,dp_seconds,peak_candidates,peak_labels,oracle_reuse,reuse_cost_growth
request_cnt,100.000000000,100,0.800000000,13,0,0,ZFA,0.900000000,0.000100000,1,0.147744100,40.403580689,52.175352544,60.000000000,0,305,305,7128,0.143837400,0.121375700,25,25,1,0.100000000
request_cnt,100.000000000,100,0.800000000,13,0,1,ZFA,0.900000000,0.000100000,1,0.143974800,40.403580689,52.175352544,60.000000000,0,305,305,7128,0.139962500,0.118140600,25,25,1,0.100000000
request_cnt,100.000000000,100,0.800000000,13,0,2,ZFA,0.900000000,0.000100000,1,0.144092800,40.403580689,52.175352544,60.000000000,0,305,305,7128,0.139632900,0.118114800,25,25,1,0.100000000
request_cnt,100.000000000,100,0.800000000,13,0,0,ZFA2,0.900000000,0.000100000,1,2.007013200,53.006229036,69.189299848,89.000000000,3,362,362,8021,1.998220500,1.617094500,680,679,1,0.100000000
request_cnt,100.000000000,100,0.800000000,13,0,1,ZFA2,0.900000000,0.000100000,1,2.539238400,53.006229036,69.189299848,89.000000000,3,362,362,8021,2.529617500,2.035096600,680,679,1,0.100000000
request_cnt,100.000000000,100,0.800000000,13,0,2,ZFA2,0.900000000,0.000100000,1,2.594110000,53.006229036,69.189299848,89.000000000,3,362,362,8021,2.584860800,2.074868200,680,679,1,0.100000000
request_cnt,100.000000000,100,0.800000000,13,1,0,ZFA,0.900000000,0.000100000,1,0.177843100,39.761713748,52.050624580,60.000000000,0,301,301,5094,0.172311100,0.138209700,12,12,1,0.100000000
request_cnt,100.000000000,100,0.800000000,13,1,1,ZFA,0.900000000,0.000100000,1,0.204005000,39.761713748,52.050624580,60.000000000,0,301,301,5094,0.195432700,0.159062100,12,12,1,0.100000000
request_cnt,100.000000000,100,0.800000000,13,1,2,ZFA,0.900000000,0.000100000,1,0.178460000,39.761713748,52.050624580,60.000000000,0,301,301,5094,0.171997800,0.138736900,12,12,1,0.100000000
request_cnt,100.000000000,100,0.800000000,13,1,0,ZFA2,0.900000000,0.000100000,1,1.688560600,50.739852218,66.849589671,88.000000000,3,351,351,5747,1.678730600,1.350540000,451,447,1,0.100000000
request_cnt,100.000000000,100,0.800000000,13,1,1,ZFA2,0.900000000,0.000100000,1,1.631806100,50.739852218,66.849589671,88.000000000,3,351,351,5747,1.623405000,1.311874500,451,447,1,0.100000000
request_cnt,100.000000000,100,0.800000000,13,1,2,ZFA2,0.900000000,0.000100000,1,1.744065300,50.739852218,66.849589671,88.000000000,3,351,351,5747,1.735143300,1.403372700,451,447,1,0.100000000
request_cnt,100.000000000,100,0.800000000,13,2,0,ZFA,0.900000000,0.000100000,1,0.177975400,39.386314140,50.928006801,60.000000000,0,306,306,5390,0.172108800,0.139776000,23,22,1,0.100000000
request_cnt,100.000000000,100,0.800000000,13,2,1,ZFA,0.900000000,0.000100000,1,0.180946700,39.386314140,50.928006801,60.000000000,0,306,306,5390,0.174987300,0.142012800,23,22,1,0.100000000
request_cnt,100.000000000,100,0.800000000,13,2,2,ZFA,0.900000000,0.000100000,1,0.180607200,39.386314140,50.928006801,60.000000000,0,306,306,5390,0.174983900,0.141504900,23,22,1,0.100000000
request_cnt,100.000000000,100,0.800000000,13,2,0,ZFA2,0.900000000,0.000100000,1,1.799249300,52.225090543,68.271772418,87.000000000,3,363,363,5876,1.791031700,1.444890500,670,668,1,0.100000000
request_cnt,100.000000000,100,0.800000000,13,2,1,ZFA2,0.900000000,0.000100000,1,1.779459500,52.225090543,68.271772418,87.000000000,3,363,363,5876,1.771354800,1.423559800,670,668,1,0.100000000
request_cnt,100.000000000,100,0.800000000,13,2,2,ZFA2,0.900000000,0.000100000,1,1.746466500,52.225090543,68.271772418,87.000000000,3,363,363,5876,1.738455600,1.399426800,670,668,1,0.100000000
request_cnt,100.000000000,100,0.800000000,13,3,0,ZFA,0.900000000,0.000100000,1,0.215592800,40.677914365,52.367540199,60.000000000,0,305,305,6733,0.210000600,0.177143800,47,47,1,0.100000000
request_cnt,100.000000000,100,0.800000000,13,3,1,ZFA,0.900000000,0.000100000,1,0.218861500,40.677914365,52.367540199,60.000000000,0,305,305,6733,0.213138900,0.179023900,47,47,1,0.100000000
request_cnt,100.000000000,100,0.800000000,13,3,2,ZFA,0.900000000,0.000100000,1,0.230291300,40.677914365,52.367540199,60.000000000,0,305,305,6733,0.225073500,0.189249500,47,47,1,0.100000000
request_cnt,100.000000000,100,0.800000000,13,3,0,ZFA2,0.900000000,0.000100000,1,2.799024200,55.046849926,71.820220959,90.000000000,3,348,348,6800,2.789954600,2.330277100,1089,1077,1,0.100000000
request_cnt,100.000000000,100,0.800000000,13,3,1,ZFA2,0.900000000,0.000100000,1,3.026027000,55.046849926,71.820220959,90.000000000,3,348,348,6800,3.017498400,2.497424400,1089,1077,1,0.100000000
request_cnt,100.000000000,100,0.800000000,13,3,2,ZFA2,0.900000000,0.000100000,1,2.747377000,55.046849926,71.820220959,90.000000000,3,348,348,6800,2.738101400,2.294061200,1089,1077,1,0.100000000
request_cnt,100.000000000,100,0.800000000,13,4,0,ZFA,0.900000000,0.000100000,1,0.212422600,40.219740674,52.426020196,60.000000000,0,296,296,6661,0.205503800,0.168550700,18,18,1,0.100000000
request_cnt,100.000000000,100,0.800000000,13,4,1,ZFA,0.900000000,0.000100000,1,0.197963200,40.219740674,52.426020196,60.000000000,0,296,296,6661,0.192449100,0.159885200,18,18,1,0.100000000
request_cnt,100.000000000,100,0.800000000,13,4,2,ZFA,0.900000000,0.000100000,1,0.210532500,40.219740674,52.426020196,60.000000000,0,296,296,6661,0.204004000,0.168623700,18,18,1,0.100000000
request_cnt,100.000000000,100,0.800000000,13,4,0,ZFA2,0.900000000,0.000100000,1,1.881121800,51.967547675,68.351085626,87.000000000,3,345,345,6946,1.872957400,1.524474200,575,572,1,0.100000000
request_cnt,100.000000000,100,0.800000000,13,4,1,ZFA2,0.900000000,0.000100000,1,1.959483600,51.967547675,68.351085626,87.000000000,3,345,345,6946,1.951680700,1.583045200,575,572,1,0.100000000
request_cnt,100.000000000,100,0.800000000,13,4,2,ZFA2,0.900000000,0.000100000,1,1.872264100,51.967547675,68.351085626,87.000000000,3,345,345,6946,1.864759200,1.519515700,575,572,1,0.100000000
