sweep,parameter_value,request_count,fidelity_threshold,time_limit,instance,repetition,algorithm,epsilon,bucket_eps,threads,run_seconds
request_cnt,80.000000000,80,0.800000000,13,0,0,ZFA2,0.900000000,0.000100000,1,0.425441700
request_cnt,80.000000000,80,0.800000000,13,0,1,ZFA2,0.900000000,0.000100000,1,0.370847700
request_cnt,80.000000000,80,0.800000000,13,0,2,ZFA2,0.900000000,0.000100000,1,0.316418200
request_cnt,80.000000000,80,0.800000000,13,1,0,ZFA2,0.900000000,0.000100000,1,0.205627200
request_cnt,80.000000000,80,0.800000000,13,1,1,ZFA2,0.900000000,0.000100000,1,0.219181000
request_cnt,80.000000000,80,0.800000000,13,1,2,ZFA2,0.900000000,0.000100000,1,0.206226700
request_cnt,80.000000000,80,0.800000000,13,2,0,ZFA2,0.900000000,0.000100000,1,0.163044900
request_cnt,80.000000000,80,0.800000000,13,2,1,ZFA2,0.900000000,0.000100000,1,0.167926500
request_cnt,80.000000000,80,0.800000000,13,2,2,ZFA2,0.900000000,0.000100000,1,0.214374600
request_cnt,80.000000000,80,0.800000000,13,3,0,ZFA2,0.900000000,0.000100000,1,0.240138300
request_cnt,80.000000000,80,0.800000000,13,3,1,ZFA2,0.900000000,0.000100000,1,0.236498600
request_cnt,80.000000000,80,0.800000000,13,3,2,ZFA2,0.900000000,0.000100000,1,0.222345700
request_cnt,80.000000000,80,0.800000000,13,4,0,ZFA2,0.900000000,0.000100000,1,0.481568900
request_cnt,80.000000000,80,0.800000000,13,4,1,ZFA2,0.900000000,0.000100000,1,0.500618500
request_cnt,80.000000000,80,0.800000000,13,4,2,ZFA2,0.900000000,0.000100000,1,0.483588300
request_cnt,100.000000000,100,0.800000000,13,0,0,ZFA2,0.900000000,0.000100000,1,0.317665300
request_cnt,100.000000000,100,0.800000000,13,0,1,ZFA2,0.900000000,0.000100000,1,0.292616200
request_cnt,100.000000000,100,0.800000000,13,0,2,ZFA2,0.900000000,0.000100000,1,0.295264600
request_cnt,100.000000000,100,0.800000000,13,1,0,ZFA2,0.900000000,0.000100000,1,0.374347900
request_cnt,100.000000000,100,0.800000000,13,1,1,ZFA2,0.900000000,0.000100000,1,0.359336900
request_cnt,100.000000000,100,0.800000000,13,1,2,ZFA2,0.900000000,0.000100000,1,0.345636800
request_cnt,100.000000000,100,0.800000000,13,2,0,ZFA2,0.900000000,0.000100000,1,0.540225900
request_cnt,100.000000000,100,0.800000000,13,2,1,ZFA2,0.900000000,0.000100000,1,0.572498500
request_cnt,100.000000000,100,0.800000000,13,2,2,ZFA2,0.900000000,0.000100000,1,0.563954600
request_cnt,100.000000000,100,0.800000000,13,3,0,ZFA2,0.900000000,0.000100000,1,0.300754600
request_cnt,100.000000000,100,0.800000000,13,3,1,ZFA2,0.900000000,0.000100000,1,0.329040800
request_cnt,100.000000000,100,0.800000000,13,3,2,ZFA2,0.900000000,0.000100000,1,0.242147500
request_cnt,100.000000000,100,0.800000000,13,4,0,ZFA2,0.900000000,0.000100000,1,0.402058800
request_cnt,100.000000000,100,0.800000000,13,4,1,ZFA2,0.900000000,0.000100000,1,0.413482000
request_cnt,100.000000000,100,0.800000000,13,4,2,ZFA2,0.900000000,0.000100000,1,0.401615700
request_cnt,120.000000000,120,0.800000000,13,0,0,ZFA2,0.900000000,0.000100000,1,0.272421900
request_cnt,120.000000000,120,0.800000000,13,0,1,ZFA2,0.900000000,0.000100000,1,0.274320900
request_cnt,120.000000000,120,0.800000000,13,0,2,ZFA2,0.900000000,0.000100000,1,0.270877100
request_cnt,120.000000000,120,0.800000000,13,1,0,ZFA2,0.900000000,0.000100000,1,0.332693300
request_cnt,120.000000000,120,0.800000000,13,1,1,ZFA2,0.900000000,0.000100000,1,0.329969400
request_cnt,120.000000000,120,0.800000000,13,1,2,ZFA2,0.900000000,0.000100000,1,0.407744900
request_cnt,120.000000000,120,0.800000000,13,2,0,ZFA2,0.900000000,0.000100000,1,0.580170300
request_cnt,120.000000000,120,0.800000000,13,2,1,ZFA2,0.900000000,0.000100000,1,0.716956700
request_cnt,120.000000000,120,0.800000000,13,2,2,ZFA2,0.900000000,0.000100000,1,0.723848700
request_cnt,120.000000000,120,0.800000000,13,3,0,ZFA2,0.900000000,0.000100000,1,0.368337200
request_cnt,120.000000000,120,0.800000000,13,3,1,ZFA2,0.900000000,0.000100000,1,0.450762200
request_cnt,120.000000000,120,0.800000000,13,3,2,ZFA2,0.900000000,0.000100000,1,0.283112500
request_cnt,120.000000000,120,0.800000000,13,4,0,ZFA2,0.900000000,0.000100000,1,0.844163500
request_cnt,120.000000000,120,0.800000000,13,4,1,ZFA2,0.900000000,0.000100000,1,0.528716400
request_cnt,120.000000000,120,0.800000000,13,4,2,ZFA2,0.900000000,0.000100000,1,0.580185000
request_cnt,140.000000000,140,0.800000000,13,0,0,ZFA2,0.900000000,0.000100000,1,0.281758700
request_cnt,140.000000000,140,0.800000000,13,0,1,ZFA2,0.900000000,0.000100000,1,0.281223100
request_cnt,140.000000000,140,0.800000000,13,0,2,ZFA2,0.900000000,0.000100000,1,0.289860800
request_cnt,140.000000000,140,0.800000000,13,1,0,ZFA2,0.900000000,0.000100000,1,0.342257900
request_cnt,140.000000000,140,0.800000000,13,1,1,ZFA2,0.900000000,0.000100000,1,0.345362700
request_cnt,140.000000000,140,0.800000000,13,1,2,ZFA2,0.900000000,0.000100000,1,0.341072900
request_cnt,140.000000000,140,0.800000000,13,2,0,ZFA2,0.900000000,0.000100000,1,0.625508700
request_cnt,140.000000000,140,0.800000000,13,2,1,ZFA2,0.900000000,0.000100000,1,0.617822700
request_cnt,140.000000000,140,0.800000000,13,2,2,ZFA2,0.900000000,0.000100000,1,0.629011900
request_cnt,140.000000000,140,0.800000000,13,3,0,ZFA2,0.900000000,0.000100000,1,0.259476100
request_cnt,140.000000000,140,0.800000000,13,3,1,ZFA2,0.900000000,0.000100000,1,0.264505500
request_cnt,140.000000000,140,0.800000000,13,3,2,ZFA2,0.900000000,0.000100000,1,0.260972200
request_cnt,140.000000000,140,0.800000000,13,4,0,ZFA2,0.900000000,0.000100000,1,0.428363700
request_cnt,140.000000000,140,0.800000000,13,4,1,ZFA2,0.900000000,0.000100000,1,0.442951500
request_cnt,140.000000000,140,0.800000000,13,4,2,ZFA2,0.900000000,0.000100000,1,0.417985400
request_cnt,160.000000000,160,0.800000000,13,0,0,ZFA2,0.900000000,0.000100000,1,0.310149400
request_cnt,160.000000000,160,0.800000000,13,0,1,ZFA2,0.900000000,0.000100000,1,0.333884400
request_cnt,160.000000000,160,0.800000000,13,0,2,ZFA2,0.900000000,0.000100000,1,0.318383200
request_cnt,160.000000000,160,0.800000000,13,1,0,ZFA2,0.900000000,0.000100000,1,0.361714300
request_cnt,160.000000000,160,0.800000000,13,1,1,ZFA2,0.900000000,0.000100000,1,0.390611700
request_cnt,160.000000000,160,0.800000000,13,1,2,ZFA2,0.900000000,0.000100000,1,0.471899100
request_cnt,160.000000000,160,0.800000000,13,2,0,ZFA2,0.900000000,0.000100000,1,0.674557900
request_cnt,160.000000000,160,0.800000000,13,2,1,ZFA2,0.900000000,0.000100000,1,0.761070300
request_cnt,160.000000000,160,0.800000000,13,2,2,ZFA2,0.900000000,0.000100000,1,0.772227800
request_cnt,160.000000000,160,0.800000000,13,3,0,ZFA2,0.900000000,0.000100000,1,0.419521200
request_cnt,160.000000000,160,0.800000000,13,3,1,ZFA2,0.900000000,0.000100000,1,0.409980400
request_cnt,160.000000000,160,0.800000000,13,3,2,ZFA2,0.900000000,0.000100000,1,0.396722100
request_cnt,160.000000000,160,0.800000000,13,4,0,ZFA2,0.900000000,0.000100000,1,0.528521800
request_cnt,160.000000000,160,0.800000000,13,4,1,ZFA2,0.900000000,0.000100000,1,0.520348600
request_cnt,160.000000000,160,0.800000000,13,4,2,ZFA2,0.900000000,0.000100000,1,0.579464400
fidelity_threshold,0.700000000,100,0.700000000,13,0,0,ZFA2,0.900000000,0.000100000,1,0.873191500
fidelity_threshold,0.700000000,100,0.700000000,13,0,1,ZFA2,0.900000000,0.000100000,1,0.841973200
fidelity_threshold,0.700000000,100,0.700000000,13,0,2,ZFA2,0.900000000,0.000100000,1,0.786716600
fidelity_threshold,0.700000000,100,0.700000000,13,1,0,ZFA2,0.900000000,0.000100000,1,0.918135600
fidelity_threshold,0.700000000,100,0.700000000,13,1,1,ZFA2,0.900000000,0.000100000,1,0.920565800
fidelity_threshold,0.700000000,100,0.700000000,13,1,2,ZFA2,0.900000000,0.000100000,1,0.966953700
fidelity_threshold,0.700000000,100,0.700000000,13,2,0,ZFA2,0.900000000,0.000100000,1,1.401483800
fidelity_threshold,0.700000000,100,0.700000000,13,2,1,ZFA2,0.900000000,0.000100000,1,1.321783500
fidelity_threshold,0.700000000,100,0.700000000,13,2,2,ZFA2,0.900000000,0.000100000,1,1.449307400
fidelity_threshold,0.700000000,100,0.700000000,13,3,0,ZFA2,0.900000000,0.000100000,1,0.891096900
fidelity_threshold,0.700000000,100,0.700000000,13,3,1,ZFA2,0.900000000,0.000100000,1,0.952288100
fidelity_threshold,0.700000000,100,0.700000000,13,3,2,ZFA2,0.900000000,0.000100000,1,0.869247100
fidelity_threshold,0.700000000,100,0.700000000,13,4,0,ZFA2,0.900000000,0.000100000,1,1.214365500
fidelity_threshold,0.700000000,100,0.700000000,13,4,1,ZFA2,0.900000000,0.000100000,1,1.199158500
fidelity_threshold,0.700000000,100,0.700000000,13,4,2,ZFA2,0.900000000,0.000100000,1,1.296137600
fidelity_threshold,0.750000000,100,0.750000000,13,0,0,ZFA2,0.900000000,0.000100000,1,0.745629700
fidelity_threshold,0.750000000,100,0.750000000,13,0,1,ZFA2,0.900000000,0.000100000,1,0.697429900
fidelity_threshold,0.750000000,100,0.750000000,13,0,2,ZFA2,0.900000000,0.000100000,1,0.762973500
fidelity_threshold,0.750000000,100,0.750000000,13,1,0,ZFA2,0.900000000,0.000100000,1,0.838572000
fidelity_threshold,0.750000000,100,0.750000000,13,1,1,ZFA2,0.900000000,0.000100000,1,0.786881800
fidelity_threshold,0.750000000,100,0.750000000,13,1,2,ZFA2,0.900000000,0.000100000,1,0.794785100
fidelity_threshold,0.750000000,100,0.750000000,13,2,0,ZFA2,0.900000000,0.000100000,1,1.136177200
fidelity_threshold,0.750000000,100,0.750000000,13,2,1,ZFA2,0.900000000,0.000100000,1,1.209520700
fidelity_threshold,0.750000000,100,0.750000000,13,2,2,ZFA2,0.900000000,0.000100000,1,1.197549600
fidelity_threshold,0.750000000,100,0.750000000,13,3,0,ZFA2,0.900000000,0.000100000,1,0.711016500
fidelity_threshold,0.750000000,100,0.750000000,13,3,1,ZFA2,0.900000000,0.000100000,1,0.687017800
fidelity_threshold,0.750000000,100,0.750000000,13,3,2,ZFA2,0.900000000,0.000100000,1,0.657443400
fidelity_threshold,0.750000000,100,0.750000000,13,4,0,ZFA2,0.900000000,0.000100000,1,0.988083400
fidelity_threshold,0.750000000,100,0.750000000,13,4,1,ZFA2,0.900000000,0.000100000,1,1.031884700
fidelity_threshold,0.750000000,100,0.750000000,13,4,2,ZFA2,0.900000000,0.000100000,1,0.989656800
fidelity_threshold,0.800000000,100,0.800000000,13,0,0,ZFA2,0.900000000,0.000100000,1,0.301595400
fidelity_threshold,0.800000000,100,0.800000000,13,0,1,ZFA2,0.900000000,0.000100000,1,0.292673100
fidelity_threshold,0.800000000,100,0.800000000,13,0,2,ZFA2,0.900000000,0.000100000,1,0.305046800
fidelity_threshold,0.800000000,100,0.800000000,13,1,0,ZFA2,0.900000000,0.000100000,1,0.323426300
fidelity_threshold,0.800000000,100,0.800000000,13,1,1,ZFA2,0.900000000,0.000100000,1,0.321806700
fidelity_threshold,0.800000000,100,0.800000000,13,1,2,ZFA2,0.900000000,0.000100000,1,0.333413300
fidelity_threshold,0.800000000,100,0.800000000,13,2,0,ZFA2,0.900000000,0.000100000,1,0.505627600
fidelity_threshold,0.800000000,100,0.800000000,13,2,1,ZFA2,0.900000000,0.000100000,1,0.526196100
fidelity_threshold,0.800000000,100,0.800000000,13,2,2,ZFA2,0.900000000,0.000100000,1,0.508520800
fidelity_threshold,0.800000000,100,0.800000000,13,3,0,ZFA2,0.900000000,0.000100000,1,0.259613700
fidelity_threshold,0.800000000,100,0.800000000,13,3,1,ZFA2,0.900000000,0.000100000,1,0.258374200
fidelity_threshold,0.800000000,100,0.800000000,13,3,2,ZFA2,0.900000000,0.000100000,1,0.259068100
fidelity_threshold,0.800000000,100,0.800000000,13,4,0,ZFA2,0.900000000,0.000100000,1,0.532459700
fidelity_threshold,0.800000000,100,0.800000000,13,4,1,ZFA2,0.900000000,0.000100000,1,0.510251400
fidelity_threshold,0.800000000,100,0.800000000,13,4,2,ZFA2,0.900000000,0.000100000,1,0.496297500
fidelity_threshold,0.850000000,100,0.850000000,13,0,0,ZFA2,0.900000000,0.000100000,1,0.048317500
fidelity_threshold,0.850000000,100,0.850000000,13,0,1,ZFA2,0.900000000,0.000100000,1,0.050636200
fidelity_threshold,0.850000000,100,0.850000000,13,0,2,ZFA2,0.900000000,0.000100000,1,0.053774300
fidelity_threshold,0.850000000,100,0.850000000,13,1,0,ZFA2,0.900000000,0.000100000,1,0.056183300
fidelity_threshold,0.850000000,100,0.850000000,13,1,1,ZFA2,0.900000000,0.000100000,1,0.057754100
fidelity_threshold,0.850000000,100,0.850000000,13,1,2,ZFA2,0.900000000,0.000100000,1,0.057446400
fidelity_threshold,0.850000000,100,0.850000000,13,2,0,ZFA2,0.900000000,0.000100000,1,0.091462000
fidelity_threshold,0.850000000,100,0.850000000,13,2,1,ZFA2,0.900000000,0.000100000,1,0.090847800
fidelity_threshold,0.850000000,100,0.850000000,13,2,2,ZFA2,0.900000000,0.000100000,1,0.098741400
fidelity_threshold,0.850000000,100,0.850000000,13,3,0,ZFA2,0.900000000,0.000100000,1,0.050898300
fidelity_threshold,0.850000000,100,0.850000000,13,3,1,ZFA2,0.900000000,0.000100000,1,0.047687900
fidelity_threshold,0.850000000,100,0.850000000,13,3,2,ZFA2,0.900000000,0.000100000,1,0.044959900
fidelity_threshold,0.850000000,100,0.850000000,13,4,0,ZFA2,0.900000000,0.000100000,1,0.094867300
fidelity_threshold,0.850000000,100,0.850000000,13,4,1,ZFA2,0.900000000,0.000100000,1,0.087366700
fidelity_threshold,0.850000000,100,0.850000000,13,4,2,ZFA2,0.900000000,0.000100000,1,0.086894400
fidelity_threshold,0.900000000,100,0.900000000,13,0,0,ZFA2,0.900000000,0.000100000,1,0.009079100
fidelity_threshold,0.900000000,100,0.900000000,13,0,1,ZFA2,0.900000000,0.000100000,1,0.009325000
fidelity_threshold,0.900000000,100,0.900000000,13,0,2,ZFA2,0.900000000,0.000100000,1,0.009658700
fidelity_threshold,0.900000000,100,0.900000000,13,1,0,ZFA2,0.900000000,0.000100000,1,0.011374300
fidelity_threshold,0.900000000,100,0.900000000,13,1,1,ZFA2,0.900000000,0.000100000,1,0.010476300
fidelity_threshold,0.900000000,100,0.900000000,13,1,2,ZFA2,0.900000000,0.000100000,1,0.010865700
fidelity_threshold,0.900000000,100,0.900000000,13,2,0,ZFA2,0.900000000,0.000100000,1,0.015279900
fidelity_threshold,0.900000000,100,0.900000000,13,2,1,ZFA2,0.900000000,0.000100000,1,0.015279500
fidelity_threshold,0.900000000,100,0.900000000,13,2,2,ZFA2,0.900000000,0.000100000,1,0.015646300
fidelity_threshold,0.900000000,100,0.900000000,13,3,0,ZFA2,0.900000000,0.000100000,1,0.009314400
fidelity_threshold,0.900000000,100,0.900000000,13,3,1,ZFA2,0.900000000,0.000100000,1,0.009772300
fidelity_threshold,0.900000000,100,0.900000000,13,3,2,ZFA2,0.900000000,0.000100000,1,0.008266200
fidelity_threshold,0.900000000,100,0.900000000,13,4,0,ZFA2,0.900000000,0.000100000,1,0.014563600
fidelity_threshold,0.900000000,100,0.900000000,13,4,1,ZFA2,0.900000000,0.000100000,1,0.015063300
fidelity_threshold,0.900000000,100,0.900000000,13,4,2,ZFA2,0.900000000,0.000100000,1,0.013792600
time_limit,7.000000000,100,0.800000000,7,0,0,ZFA2,0.900000000,0.000100000,1,0.034208300
time_limit,7.000000000,100,0.800000000,7,0,1,ZFA2,0.900000000,0.000100000,1,0.037832900
time_limit,7.000000000,100,0.800000000,7,0,2,ZFA2,0.900000000,0.000100000,1,0.036724700
time_limit,7.000000000,100,0.800000000,7,1,0,ZFA2,0.900000000,0.000100000,1,0.034190700
time_limit,7.000000000,100,0.800000000,7,1,1,ZFA2,0.900000000,0.000100000,1,0.034211900
time_limit,7.000000000,100,0.800000000,7,1,2,ZFA2,0.900000000,0.000100000,1,0.032949200
time_limit,7.000000000,100,0.800000000,7,2,0,ZFA2,0.900000000,0.000100000,1,0.035596800
time_limit,7.000000000,100,0.800000000,7,2,1,ZFA2,0.900000000,0.000100000,1,0.032710500
time_limit,7.000000000,100,0.800000000,7,2,2,ZFA2,0.900000000,0.000100000,1,0.034173800
time_limit,7.000000000,100,0.800000000,7,3,0,ZFA2,0.900000000,0.000100000,1,0.033772900
time_limit,7.000000000,100,0.800000000,7,3,1,ZFA2,0.900000000,0.000100000,1,0.030931500
time_limit,7.000000000,100,0.800000000,7,3,2,ZFA2,0.900000000,0.000100000,1,0.031305900
time_limit,7.000000000,100,0.800000000,7,4,0,ZFA2,0.900000000,0.000100000,1,0.067190300
time_limit,7.000000000,100,0.800000000,7,4,1,ZFA2,0.900000000,0.000100000,1,0.055552700
time_limit,7.000000000,100,0.800000000,7,4,2,ZFA2,0.900000000,0.000100000,1,0.056276900
time_limit,9.000000000,100,0.800000000,9,0,0,ZFA2,0.900000000,0.000100000,1,0.153175900
time_limit,9.000000000,100,0.800000000,9,0,1,ZFA2,0.900000000,0.000100000,1,0.145190200
time_limit,9.000000000,100,0.800000000,9,0,2,ZFA2,0.900000000,0.000100000,1,0.145657600
time_limit,9.000000000,100,0.800000000,9,1,0,ZFA2,0.900000000,0.000100000,1,0.147894500
time_limit,9.000000000,100,0.800000000,9,1,1,ZFA2,0.900000000,0.000100000,1,0.158679800
time_limit,9.000000000,100,0.800000000,9,1,2,ZFA2,0.900000000,0.000100000,1,0.157736900
time_limit,9.000000000,100,0.800000000,9,2,0,ZFA2,0.900000000,0.000100000,1,0.223419300
time_limit,9.000000000,100,0.800000000,9,2,1,ZFA2,0.900000000,0.000100000,1,0.201042200
time_limit,9.000000000,100,0.800000000,9,2,2,ZFA2,0.900000000,0.000100000,1,0.193162800
time_limit,9.000000000,100,0.800000000,9,3,0,ZFA2,0.900000000,0.000100000,1,0.105129200
time_limit,9.000000000,100,0.800000000,9,3,1,ZFA2,0.900000000,0.000100000,1,0.124327500
time_limit,9.000000000,100,0.800000000,9,3,2,ZFA2,0.900000000,0.000100000,1,0.137606000
time_limit,9.000000000,100,0.800000000,9,4,0,ZFA2,0.900000000,0.000100000,1,0.224171100
time_limit,9.000000000,100,0.800000000,9,4,1,ZFA2,0.900000000,0.000100000,1,0.203033500
time_limit,9.000000000,100,0.800000000,9,4,2,ZFA2,0.900000000,0.000100000,1,0.197943200
time_limit,11.000000000,100,0.800000000,11,0,0,ZFA2,0.900000000,0.000100000,1,0.246360900
time_limit,11.000000000,100,0.800000000,11,0,1,ZFA2,0.900000000,0.000100000,1,0.203853700
time_limit,11.000000000,100,0.800000000,11,0,2,ZFA2,0.900000000,0.000100000,1,0.235434900
time_limit,11.000000000,100,0.800000000,11,1,0,ZFA2,0.900000000,0.000100000,1,0.253199300
time_limit,11.000000000,100,0.800000000,11,1,1,ZFA2,0.900000000,0.000100000,1,0.257070500
time_limit,11.000000000,100,0.800000000,11,1,2,ZFA2,0.900000000,0.000100000,1,0.249887200
time_limit,11.000000000,100,0.800000000,11,2,0,ZFA2,0.900000000,0.000100000,1,0.379099200
time_limit,11.000000000,100,0.800000000,11,2,1,ZFA2,0.900000000,0.000100000,1,0.360936100
time_limit,11.000000000,100,0.800000000,11,2,2,ZFA2,0.900000000,0.000100000,1,0.356533500
time_limit,11.000000000,100,0.800000000,11,3,0,ZFA2,0.900000000,0.000100000,1,0.189235600
time_limit,11.000000000,100,0.800000000,11,3,1,ZFA2,0.900000000,0.000100000,1,0.180737400
time_limit,11.000000000,100,0.800000000,11,3,2,ZFA2,0.900000000,0.000100000,1,0.188263400
time_limit,11.000000000,100,0.800000000,11,4,0,ZFA2,0.900000000,0.000100000,1,0.380191600
time_limit,11.000000000,100,0.800000000,11,4,1,ZFA2,0.900000000,0.000100000,1,0.350301000
time_limit,11.000000000,100,0.800000000,11,4,2,ZFA2,0.900000000,0.000100000,1,0.369495000
time_limit,13.000000000,100,0.800000000,13,0,0,ZFA2,0.900000000,0.000100000,1,0.324807000
time_limit,13.000000000,100,0.800000000,13,0,1,ZFA2,0.900000000,0.000100000,1,0.295717600
time_limit,13.000000000,100,0.800000000,13,0,2,ZFA2,0.900000000,0.000100000,1,0.301591100
time_limit,13.000000000,100,0.800000000,13,1,0,ZFA2,0.900000000,0.000100000,1,0.324446300
time_limit,13.000000000,100,0.800000000,13,1,1,ZFA2,0.900000000,0.000100000,1,0.332004400
time_limit,13.000000000,100,0.800000000,13,1,2,ZFA2,0.900000000,0.000100000,1,0.335919500
time_limit,13.000000000,100,0.800000000,13,2,0,ZFA2,0.900000000,0.000100000,1,0.543546900
time_limit,13.000000000,100,0.800000000,13,2,1,ZFA2,0.900000000,0.000100000,1,0.507962700
time_limit,13.000000000,100,0.800000000,13,2,2,ZFA2,0.900000000,0.000100000,1,0.521779600
time_limit,13.000000000,100,0.800000000,13,3,0,ZFA2,0.900000000,0.000100000,1,0.356151600
time_limit,13.000000000,100,0.800000000,13,3,1,ZFA2,0.900000000,0.000100000,1,0.267579500
time_limit,13.000000000,100,0.800000000,13,3,2,ZFA2,0.900000000,0.000100000,1,0.257578300
time_limit,13.000000000,100,0.800000000,13,4,0,ZFA2,0.900000000,0.000100000,1,0.518013800
time_limit,13.000000000,100,0.800000000,13,4,1,ZFA2,0.900000000,0.000100000,1,0.506902000
time_limit,13.000000000,100,0.800000000,13,4,2,ZFA2,0.900000000,0.000100000,1,0.513635200
time_limit,15.000000000,100,0.800000000,15,0,0,ZFA2,0.900000000,0.000100000,1,0.409907100
time_limit,15.000000000,100,0.800000000,15,0,1,ZFA2,0.900000000,0.000100000,1,0.403111200
time_limit,15.000000000,100,0.800000000,15,0,2,ZFA2,0.900000000,0.000100000,1,0.377684900
time_limit,15.000000000,100,0.800000000,15,1,0,ZFA2,0.900000000,0.000100000,1,0.419009100
time_limit,15.000000000,100,0.800000000,15,1,1,ZFA2,0.900000000,0.000100000,1,0.481875500
time_limit,15.000000000,100,0.800000000,15,1,2,ZFA2,0.900000000,0.000100000,1,0.503076900
time_limit,15.000000000,100,0.800000000,15,2,0,ZFA2,0.900000000,0.000100000,1,0.648642900
time_limit,15.000000000,100,0.800000000,15,2,1,ZFA2,0.900000000,0.000100000,1,0.668619600
time_limit,15.000000000,100,0.800000000,15,2,2,ZFA2,0.900000000,0.000100000,1,0.698399900
time_limit,15.000000000,100,0.800000000,15,3,0,ZFA2,0.900000000,0.000100000,1,0.331933300
time_limit,15.000000000,100,0.800000000,15,3,1,ZFA2,0.900000000,0.000100000,1,0.333860600
time_limit,15.000000000,100,0.800000000,15,3,2,ZFA2,0.900000000,0.000100000,1,0.424470700
time_limit,15.000000000,100,0.800000000,15,4,0,ZFA2,0.900000000,0.000100000,1,0.745074000
time_limit,15.000000000,100,0.800000000,15,4,1,ZFA2,0.900000000,0.000100000,1,0.705686500
time_limit,15.000000000,100,0.800000000,15,4,2,ZFA2,0.900000000,0.000100000,1,0.653918200
time_limit,17.000000000,100,0.800000000,17,0,0,ZFA2,0.900000000,0.000100000,1,0.501757600
time_limit,17.000000000,100,0.800000000,17,0,1,ZFA2,0.900000000,0.000100000,1,0.476263500
time_limit,17.000000000,100,0.800000000,17,0,2,ZFA2,0.900000000,0.000100000,1,0.467226500
time_limit,17.000000000,100,0.800000000,17,1,0,ZFA2,0.900000000,0.000100000,1,0.536042900
time_limit,17.000000000,100,0.800000000,17,1,1,ZFA2,0.900000000,0.000100000,1,0.536852500
time_limit,17.000000000,100,0.800000000,17,1,2,ZFA2,0.900000000,0.000100000,1,0.525512400
time_limit,17.000000000,100,0.800000000,17,2,0,ZFA2,0.900000000,0.000100000,1,0.837450300
time_limit,17.000000000,100,0.800000000,17,2,1,ZFA2,0.900000000,0.000100000,1,0.802022000
time_limit,17.000000000,100,0.800000000,17,2,2,ZFA2,0.900000000,0.000100000,1,0.814248200
time_limit,17.000000000,100,0.800000000,17,3,0,ZFA2,0.900000000,0.000100000,1,0.439937400
time_limit,17.000000000,100,0.800000000,17,3,1,ZFA2,0.900000000,0.000100000,1,0.413713300
time_limit,17.000000000,100,0.800000000,17,3,2,ZFA2,0.900000000,0.000100000,1,0.409251300
time_limit,17.000000000,100,0.800000000,17,4,0,ZFA2,0.900000000,0.000100000,1,0.803624000
time_limit,17.000000000,100,0.800000000,17,4,1,ZFA2,0.900000000,0.000100000,1,0.806570200
time_limit,17.000000000,100,0.800000000,17,4,2,ZFA2,0.900000000,0.000100000,1,0.811656200
