sweep,parameter_value,instance,repetition,algorithm,epsilon,threads,original_seconds,optimized_seconds,fidelity_gain,succ_request_cnt,actual_req_cnt,metrics_identical
request_cnt,80,0,0,MyAlgo1,0.90000000000000002,1,0.28854069999999998,0.015425700000000001,31.243575374793863,40.168213070727752,46,1
request_cnt,80,0,1,MyAlgo1,0.90000000000000002,1,0.2428651,0.0137985,31.243575374793863,40.168213070727752,46,1
request_cnt,80,0,2,MyAlgo1,0.90000000000000002,1,0.249141,0.014766100000000001,31.243575374793863,40.168213070727752,46,1
request_cnt,80,0,0,MyAlgo3,0.90000000000000002,1,0.32618029999999998,0.0182183,32.596692700147834,41.919061204681292,48,1
request_cnt,80,0,1,MyAlgo3,0.90000000000000002,1,0.33442339999999998,0.019284599999999999,32.596692700147834,41.919061204681292,48,1
request_cnt,80,0,2,MyAlgo3,0.90000000000000002,1,0.30177690000000001,0.017172300000000001,32.596692700147834,41.919061204681292,48,1
request_cnt,80,1,0,MyAlgo1,0.90000000000000002,1,0.3848222,0.012033,29.513143269109705,38.493877370035683,44,1
request_cnt,80,1,1,MyAlgo1,0.90000000000000002,1,0.42130269999999997,0.021627500000000001,29.513143269109705,38.493877370035683,44,1
request_cnt,80,1,2,MyAlgo1,0.90000000000000002,1,0.45573530000000001,0.0202975,29.513143269109705,38.493877370035683,44,1
request_cnt,80,1,0,MyAlgo3,0.90000000000000002,1,0.5436029,0.019011299999999998,31.843602423519439,41.637749183689643,48,1
request_cnt,80,1,1,MyAlgo3,0.90000000000000002,1,0.59480310000000003,0.015177,31.843602423519439,41.637749183689643,48,1
request_cnt,80,1,2,MyAlgo3,0.90000000000000002,1,0.55533109999999997,0.017304400000000001,31.843602423519439,41.637749183689643,48,1
request_cnt,80,2,0,MyAlgo1,0.90000000000000002,1,0.31955410000000001,0.015591799999999999,26.934216381907589,34.641435663837036,40,1
request_cnt,80,2,1,MyAlgo1,0.90000000000000002,1,0.29684559999999999,0.014803500000000001,26.934216381907589,34.641435663837036,40,1
request_cnt,80,2,2,MyAlgo1,0.90000000000000002,1,0.33516459999999998,0.015865000000000001,26.934216381907589,34.641435663837036,40,1
request_cnt,80,2,0,MyAlgo3,0.90000000000000002,1,0.44331809999999999,0.018929100000000001,31.860508540672182,41.149078108898806,48,1
request_cnt,80,2,1,MyAlgo3,0.90000000000000002,1,0.41175919999999999,0.0184449,31.860508540672182,41.149078108898806,48,1
request_cnt,80,2,2,MyAlgo3,0.90000000000000002,1,0.46425830000000001,0.025991400000000001,31.860508540672182,41.149078108898806,48,1
request_cnt,80,3,0,MyAlgo1,0.90000000000000002,1,0.44187130000000002,0.020040599999999999,32.486734406808765,41.985402917153543,48,1
request_cnt,80,3,1,MyAlgo1,0.90000000000000002,1,0.38290370000000001,0.019382699999999999,32.486734406808765,41.985402917153543,48,1
request_cnt,80,3,2,MyAlgo1,0.90000000000000002,1,0.46420719999999999,0.018923599999999999,32.486734406808765,41.985402917153543,48,1
request_cnt,80,3,0,MyAlgo3,0.90000000000000002,1,0.62092159999999996,0.027007300000000001,32.836981338579697,42.071637538878015,48,1
request_cnt,80,3,1,MyAlgo3,0.90000000000000002,1,0.64292709999999997,0.036187499999999997,32.836981338579697,42.071637538878015,48,1
request_cnt,80,3,2,MyAlgo3,0.90000000000000002,1,0.61530470000000004,0.033225299999999999,32.836981338579697,42.071637538878015,48,1
request_cnt,80,4,0,MyAlgo1,0.90000000000000002,1,0.38049090000000002,0.0175833,32.283970506645645,42.163591671590495,48,1
request_cnt,80,4,1,MyAlgo1,0.90000000000000002,1,0.30036000000000002,0.017386800000000001,32.283970506645645,42.163591671590495,48,1
request_cnt,80,4,2,MyAlgo1,0.90000000000000002,1,0.39289410000000002,0.0223719,32.283970506645645,42.163591671590495,48,1
request_cnt,80,4,0,MyAlgo3,0.90000000000000002,1,0.45842539999999998,0.020839400000000001,32.450659129497367,42.202303988067982,48,1
request_cnt,80,4,1,MyAlgo3,0.90000000000000002,1,0.41776340000000001,0.021258099999999999,32.450659129497367,42.202303988067982,48,1
request_cnt,80,4,2,MyAlgo3,0.90000000000000002,1,0.4020204,0.020378199999999999,32.450659129497367,42.202303988067982,48,1
request_cnt,100,0,0,MyAlgo1,0.90000000000000002,1,0.52615029999999996,0.033105799999999998,37.92419779732333,48.957414983572484,56,1
request_cnt,100,0,1,MyAlgo1,0.90000000000000002,1,0.48960609999999999,0.028420399999999998,37.92419779732333,48.957414983572484,56,1
request_cnt,100,0,2,MyAlgo1,0.90000000000000002,1,0.4909501,0.0272559,37.92419779732333,48.957414983572484,56,1
request_cnt,100,0,0,MyAlgo3,0.90000000000000002,1,0.80410950000000003,0.037949999999999998,40.403580688891424,52.175352543926664,60,1
request_cnt,100,0,1,MyAlgo3,0.90000000000000002,1,0.74835839999999998,0.037535899999999997,40.403580688891424,52.175352543926664,60,1
request_cnt,100,0,2,MyAlgo3,0.90000000000000002,1,0.704731,0.036161100000000002,40.403580688891424,52.175352543926664,60,1
request_cnt,100,1,0,MyAlgo1,0.90000000000000002,1,0.55860529999999997,0.018660300000000001,36.864758199792576,48.149552610229129,55,1
request_cnt,100,1,1,MyAlgo1,0.90000000000000002,1,0.55938560000000004,0.017427399999999999,36.864758199792576,48.149552610229129,55,1
request_cnt,100,1,2,MyAlgo1,0.90000000000000002,1,0.52348700000000004,0.0174623,36.864758199792576,48.149552610229129,55,1
request_cnt,100,1,0,MyAlgo3,0.90000000000000002,1,0.89064399999999999,0.0228165,39.785865364831928,52.066578493413381,60,1
request_cnt,100,1,1,MyAlgo3,0.90000000000000002,1,0.87779640000000003,0.023747500000000001,39.785865364831928,52.066578493413381,60,1
request_cnt,100,1,2,MyAlgo3,0.90000000000000002,1,0.87364790000000003,0.021764800000000001,39.785865364831928,52.066578493413381,60,1
request_cnt,100,2,0,MyAlgo1,0.90000000000000002,1,0.41484339999999997,0.018837099999999999,33.946543935898035,43.865304567087556,51,1
request_cnt,100,2,1,MyAlgo1,0.90000000000000002,1,0.40979559999999998,0.018594900000000001,33.946543935898035,43.865304567087556,51,1
request_cnt,100,2,2,MyAlgo1,0.90000000000000002,1,0.40192220000000001,0.019305599999999999,33.946543935898035,43.865304567087556,51,1
request_cnt,100,2,0,MyAlgo3,0.90000000000000002,1,0.59203669999999997,0.028519200000000001,39.569177042799438,51.205369457861302,60,1
request_cnt,100,2,1,MyAlgo3,0.90000000000000002,1,0.64260660000000003,0.032846500000000001,39.569177042799438,51.205369457861302,60,1
request_cnt,100,2,2,MyAlgo3,0.90000000000000002,1,0.60411840000000006,0.0245802,39.569177042799438,51.205369457861302,60,1
request_cnt,100,3,0,MyAlgo1,0.90000000000000002,1,0.47426420000000002,0.0233008,39.318798760787885,50.67151985829009,58,1
request_cnt,100,3,1,MyAlgo1,0.90000000000000002,1,0.51070329999999997,0.0231021,39.318798760787885,50.67151985829009,58,1
request_cnt,100,3,2,MyAlgo1,0.90000000000000002,1,0.4670551,0.023657600000000001,39.318798760787885,50.67151985829009,58,1
request_cnt,100,3,0,MyAlgo3,0.90000000000000002,1,0.74708419999999998,0.034592199999999997,40.88408821794787,52.412189445097766,60,1
request_cnt,100,3,1,MyAlgo3,0.90000000000000002,1,0.81716639999999996,0.032261600000000001,40.88408821794787,52.412189445097766,60,1
request_cnt,100,3,2,MyAlgo3,0.90000000000000002,1,0.78501290000000001,0.0327572,40.88408821794787,52.412189445097766,60,1
request_cnt,100,4,0,MyAlgo1,0.90000000000000002,1,0.52566349999999995,0.028778100000000001,39.732783361775205,51.89068621177362,59,1
request_cnt,100,4,1,MyAlgo1,0.90000000000000002,1,0.46911340000000001,0.032730700000000001,39.732783361775205,51.89068621177362,59,1
request_cnt,100,4,2,MyAlgo1,0.90000000000000002,1,0.43778060000000002,0.026153200000000001,39.732783361775205,51.89068621177362,59,1
request_cnt,100,4,0,MyAlgo3,0.90000000000000002,1,0.63527049999999996,0.026932500000000002,40.611518037794973,52.804510958715724,60,1
request_cnt,100,4,1,MyAlgo3,0.90000000000000002,1,0.61373610000000001,0.024249400000000001,40.611518037794973,52.804510958715724,60,1
request_cnt,100,4,2,MyAlgo3,0.90000000000000002,1,0.58408990000000005,0.031620599999999999,40.611518037794973,52.804510958715724,60,1
request_cnt,120,0,0,MyAlgo1,0.90000000000000002,1,0.7353035,0.034389299999999998,45.277272122431313,58.526846810599224,67,1
request_cnt,120,0,1,MyAlgo1,0.90000000000000002,1,0.65966389999999997,0.034817899999999999,45.277272122431313,58.526846810599224,67,1
request_cnt,120,0,2,MyAlgo1,0.90000000000000002,1,0.61451319999999998,0.038144400000000002,45.277272122431313,58.526846810599224,67,1
request_cnt,120,0,0,MyAlgo3,0.90000000000000002,1,1.1329203999999999,0.043018199999999999,48.391876803546957,62.568838635993366,72,1
request_cnt,120,0,1,MyAlgo3,0.90000000000000002,1,1.0363184000000001,0.0442846,48.391876803546957,62.568838635993366,72,1
request_cnt,120,0,2,MyAlgo3,0.90000000000000002,1,0.96838950000000001,0.038570100000000003,48.391876803546957,62.568838635993366,72,1
request_cnt,120,1,0,MyAlgo1,0.90000000000000002,1,0.65559029999999996,0.018244,43.95310659405127,57.493288998968197,66,1
request_cnt,120,1,1,MyAlgo1,0.90000000000000002,1,0.57229050000000004,0.0179694,43.95310659405127,57.493288998968197,66,1
request_cnt,120,1,2,MyAlgo1,0.90000000000000002,1,0.59055089999999999,0.021330600000000002,43.95310659405127,57.493288998968197,66,1
request_cnt,120,1,0,MyAlgo3,0.90000000000000002,1,1.4880198,0.037898099999999997,47.557058652263109,62.278488340646412,72,1
request_cnt,120,1,1,MyAlgo3,0.90000000000000002,1,1.6114866000000001,0.035186200000000001,47.557058652263109,62.278488340646412,72,1
request_cnt,120,1,2,MyAlgo3,0.90000000000000002,1,1.4345732,0.041015000000000003,47.557058652263109,62.278488340646412,72,1
request_cnt,120,2,0,MyAlgo1,0.90000000000000002,1,0.56432499999999997,0.025318,44.157881371581503,57.209556623912761,67,1
request_cnt,120,2,1,MyAlgo1,0.90000000000000002,1,0.73157059999999996,0.0238908,44.157881371581503,57.209556623912761,67,1
request_cnt,120,2,2,MyAlgo1,0.90000000000000002,1,0.644007,0.023919699999999999,44.157881371581503,57.209556623912761,67,1
request_cnt,120,2,0,MyAlgo3,0.90000000000000002,1,0.95920989999999995,0.029963799999999999,47.387544250654067,61.370988798655418,72,1
request_cnt,120,2,1,MyAlgo3,0.90000000000000002,1,0.92058969999999996,0.029969900000000001,47.387544250654067,61.370988798655418,72,1
request_cnt,120,2,2,MyAlgo3,0.90000000000000002,1,0.91650719999999997,0.031957600000000003,47.387544250654067,61.370988798655418,72,1
request_cnt,120,3,0,MyAlgo1,0.90000000000000002,1,0.63465450000000001,0.034096700000000001,47.942736642742858,62.05341362565013,71,1
request_cnt,120,3,1,MyAlgo1,0.90000000000000002,1,0.72902739999999999,0.031595400000000003,47.942736642742858,62.05341362565013,71,1
request_cnt,120,3,2,MyAlgo1,0.90000000000000002,1,0.69768770000000002,0.028817599999999999,47.942736642742858,62.05341362565013,71,1
request_cnt,120,3,0,MyAlgo3,0.90000000000000002,1,1.1421030000000001,0.040558200000000003,48.957359342095572,62.922284331029296,72,1
request_cnt,120,3,1,MyAlgo3,0.90000000000000002,1,1.1325303,0.041196900000000002,48.957359342095572,62.922284331029296,72,1
request_cnt,120,3,2,MyAlgo3,0.90000000000000002,1,1.1625668,0.041089399999999998,48.957359342095572,62.922284331029296,72,1
request_cnt,120,4,0,MyAlgo1,0.90000000000000002,1,0.63436309999999996,0.027159900000000001,47.858563399842247,62.382339505467947,71,1
request_cnt,120,4,1,MyAlgo1,0.90000000000000002,1,0.6209633,0.025667300000000001,47.858563399842247,62.382339505467947,71,1
request_cnt,120,4,2,MyAlgo1,0.90000000000000002,1,0.54468559999999999,0.024914599999999999,47.858563399842247,62.382339505467947,71,1
request_cnt,120,4,0,MyAlgo3,0.90000000000000002,1,0.94508729999999996,0.029071799999999998,48.145915860109476,62.473526411183215,71,1
request_cnt,120,4,1,MyAlgo3,0.90000000000000002,1,0.85675259999999998,0.029308899999999999,48.145915860109476,62.473526411183215,71,1
request_cnt,120,4,2,MyAlgo3,0.90000000000000002,1,0.89571509999999999,0.030480299999999998,48.145915860109476,62.473526411183215,71,1
request_cnt,140,0,0,MyAlgo1,0.90000000000000002,1,1.0951200000000001,0.044494899999999997,51.542417350191073,66.489874605396551,76,1
request_cnt,140,0,1,MyAlgo1,0.90000000000000002,1,0.89819850000000001,0.039085000000000002,51.542417350191073,66.489874605396551,76,1
request_cnt,140,0,2,MyAlgo1,0.90000000000000002,1,0.81223809999999996,0.039342700000000001,51.542417350191073,66.489874605396551,76,1
request_cnt,140,0,0,MyAlgo3,0.90000000000000002,1,1.4615956999999999,0.057974299999999999,56.466706560947443,72.988623134263335,84,1
request_cnt,140,0,1,MyAlgo3,0.90000000000000002,1,1.3816139000000001,0.055745700000000002,56.466706560947443,72.988623134263335,84,1
request_cnt,140,0,2,MyAlgo3,0.90000000000000002,1,1.3621696999999999,0.051949099999999998,56.466706560947443,72.988623134263335,84,1
request_cnt,140,1,0,MyAlgo1,0.90000000000000002,1,0.85760179999999997,0.025309399999999999,50.776812036704747,66.4846067243557,76,1
request_cnt,140,1,1,MyAlgo1,0.90000000000000002,1,0.90404359999999995,0.0331679,50.776812036704747,66.4846067243557,76,1
request_cnt,140,1,2,MyAlgo1,0.90000000000000002,1,0.87486529999999996,0.037425800000000002,50.776812036704747,66.4846067243557,76,1
request_cnt,140,1,0,MyAlgo3,0.90000000000000002,1,1.6109990999999999,0.031654300000000003,52.137695872251356,68.208608561498409,79,1
request_cnt,140,1,1,MyAlgo3,0.90000000000000002,1,1.8333345999999999,0.036696600000000003,52.137695872251356,68.208608561498409,79,1
request_cnt,140,1,2,MyAlgo3,0.90000000000000002,1,1.5438784000000001,0.034092400000000002,52.137695872251356,68.208608561498409,79,1
request_cnt,140,2,0,MyAlgo1,0.90000000000000002,1,0.68425000000000002,0.031242499999999999,50.184194636050719,65.088442535234222,76,1
request_cnt,140,2,1,MyAlgo1,0.90000000000000002,1,0.68693660000000001,0.028824099999999998,50.184194636050719,65.088442535234222,76,1
request_cnt,140,2,2,MyAlgo1,0.90000000000000002,1,0.70909029999999995,0.027583099999999999,50.184194636050719,65.088442535234222,76,1
request_cnt,140,2,0,MyAlgo3,0.90000000000000002,1,1.1225267999999999,0.037395400000000002,54.054871163702984,70.091475573779135,82,1
request_cnt,140,2,1,MyAlgo3,0.90000000000000002,1,1.1965748,0.036980399999999997,54.054871163702984,70.091475573779135,82,1
request_cnt,140,2,2,MyAlgo3,0.90000000000000002,1,1.1311552,0.039658600000000002,54.054871163702984,70.091475573779135,82,1
request_cnt,140,3,0,MyAlgo1,0.90000000000000002,1,0.80377710000000002,0.030915999999999999,53.98935812269189,69.935887379061015,80,1
request_cnt,140,3,1,MyAlgo1,0.90000000000000002,1,0.84815209999999996,0.031563000000000001,53.98935812269189,69.935887379061015,80,1
request_cnt,140,3,2,MyAlgo1,0.90000000000000002,1,0.96242070000000002,0.031520600000000003,53.98935812269189,69.935887379061015,80,1
request_cnt,140,3,0,MyAlgo3,0.90000000000000002,1,1.5130389,0.048652099999999997,57.004272888558219,73.32034534497258,84,1
request_cnt,140,3,1,MyAlgo3,0.90000000000000002,1,1.504119,0.059082299999999997,57.004272888558219,73.32034534497258,84,1
request_cnt,140,3,2,MyAlgo3,0.90000000000000002,1,1.6109802,0.059789000000000002,57.004272888558219,73.32034534497258,84,1
request_cnt,140,4,0,MyAlgo1,0.90000000000000002,1,0.68494120000000003,0.028165599999999999,54.674952800206277,71.258153325992339,81,1
request_cnt,140,4,1,MyAlgo1,0.90000000000000002,1,0.67694719999999997,0.0271221,54.674952800206277,71.258153325992339,81,1
request_cnt,140,4,2,MyAlgo1,0.90000000000000002,1,0.67847100000000005,0.0290569,54.674952800206277,71.258153325992339,81,1
request_cnt,140,4,0,MyAlgo3,0.90000000000000002,1,1.1662987,0.032092299999999997,53.744327398408451,69.600955985911696,79,1
request_cnt,140,4,1,MyAlgo3,0.90000000000000002,1,1.0897414999999999,0.040810899999999997,53.744327398408451,69.600955985911696,79,1
request_cnt,140,4,2,MyAlgo3,0.90000000000000002,1,1.1092972000000001,0.037175100000000003,53.744327398408451,69.600955985911696,79,1
request_cnt,160,0,0,MyAlgo1,0.90000000000000002,1,1.0187812000000001,0.047773400000000001,59.446054948286232,76.86997048099208,88,1
request_cnt,160,0,1,MyAlgo1,0.90000000000000002,1,1.0279237999999999,0.045786599999999997,59.446054948286232,76.86997048099208,88,1
request_cnt,160,0,2,MyAlgo1,0.90000000000000002,1,0.9966874,0.0510042,59.446054948286232,76.86997048099208,88,1
request_cnt,160,0,0,MyAlgo3,0.90000000000000002,1,1.9406927,0.0668184,64.511681601939458,83.439962753961183,96,1
request_cnt,160,0,1,MyAlgo3,0.90000000000000002,1,1.9692259999999999,0.066378400000000004,64.511681601939458,83.439962753961183,96,1
request_cnt,160,0,2,MyAlgo3,0.90000000000000002,1,1.9204941,0.068661100000000003,64.511681601939458,83.439962753961183,96,1
request_cnt,160,1,0,MyAlgo1,0.90000000000000002,1,1.0191333,0.027423199999999998,57.447175097224857,75.188121829399364,86,1
request_cnt,160,1,1,MyAlgo1,0.90000000000000002,1,1.0709858000000001,0.028870799999999999,57.447175097224857,75.188121829399364,86,1
request_cnt,160,1,2,MyAlgo1,0.90000000000000002,1,1.2250436,0.027190200000000001,57.447175097224857,75.188121829399364,86,1
request_cnt,160,1,0,MyAlgo3,0.90000000000000002,1,2.0999876999999998,0.040463699999999998,58.111883578177697,75.966170989027987,88,1
request_cnt,160,1,1,MyAlgo3,0.90000000000000002,1,2.1292998999999999,0.039987500000000002,58.111883578177697,75.966170989027987,88,1
request_cnt,160,1,2,MyAlgo3,0.90000000000000002,1,2.2573327999999999,0.037578,58.111883578177697,75.966170989027987,88,1
request_cnt,160,2,0,MyAlgo1,0.90000000000000002,1,0.82020919999999997,0.033562799999999997,54.982693896586412,71.231350141857845,83,1
request_cnt,160,2,1,MyAlgo1,0.90000000000000002,1,0.84363109999999997,0.042680999999999997,54.982693896586412,71.231350141857845,83,1
request_cnt,160,2,2,MyAlgo1,0.90000000000000002,1,0.83429430000000004,0.030277600000000002,54.982693896586412,71.231350141857845,83,1
request_cnt,160,2,0,MyAlgo3,0.90000000000000002,1,1.5540347000000001,0.046003799999999997,60.03469392135711,77.793765728747147,91,1
request_cnt,160,2,1,MyAlgo3,0.90000000000000002,1,1.4831517999999999,0.045717500000000001,60.03469392135711,77.793765728747147,91,1
request_cnt,160,2,2,MyAlgo3,0.90000000000000002,1,1.4235751000000001,0.0454151,60.03469392135711,77.793765728747147,91,1
request_cnt,160,3,0,MyAlgo1,0.90000000000000002,1,1.0441853000000001,0.036939100000000002,61.42247868216635,79.628077465450801,91,1
request_cnt,160,3,1,MyAlgo1,0.90000000000000002,1,0.94770869999999996,0.035315300000000001,61.42247868216635,79.628077465450801,91,1
request_cnt,160,3,2,MyAlgo1,0.90000000000000002,1,0.98538950000000003,0.050319000000000003,61.42247868216635,79.628077465450801,91,1
request_cnt,160,3,0,MyAlgo3,0.90000000000000002,1,2.0337185999999998,0.055933400000000001,65.15331790515512,83.932812686114502,96,1
request_cnt,160,3,1,MyAlgo3,0.90000000000000002,1,1.8875717000000001,0.056084799999999997,65.15331790515512,83.932812686114502,96,1
request_cnt,160,3,2,MyAlgo3,0.90000000000000002,1,1.9362728,0.059009300000000001,65.15331790515512,83.932812686114502,96,1
request_cnt,160,4,0,MyAlgo1,0.90000000000000002,1,0.82502260000000005,0.030633799999999999,62.659757198034001,81.622241431925616,93,1
request_cnt,160,4,1,MyAlgo1,0.90000000000000002,1,0.82725859999999996,0.032423899999999999,62.659757198034001,81.622241431925616,93,1
request_cnt,160,4,2,MyAlgo1,0.90000000000000002,1,0.84694150000000001,0.033029200000000002,62.659757198034001,81.622241431925616,93,1
request_cnt,160,4,0,MyAlgo3,0.90000000000000002,1,1.4085703000000001,0.0426097,59.753969195278351,77.317528961392512,88,1
request_cnt,160,4,1,MyAlgo3,0.90000000000000002,1,1.6108511000000001,0.042018399999999997,59.753969195278351,77.317528961392512,88,1
request_cnt,160,4,2,MyAlgo3,0.90000000000000002,1,1.5396156000000001,0.041210299999999998,59.753969195278351,77.317528961392512,88,1
fidelity_threshold,0.69999999999999996,0,0,MyAlgo1,0.90000000000000002,1,0.50667620000000002,0.029273799999999999,60.489066346262646,81.370759732446146,100,1
fidelity_threshold,0.69999999999999996,0,1,MyAlgo1,0.90000000000000002,1,0.46803250000000002,0.030870499999999999,60.489066346262646,81.370759732446146,100,1
fidelity_threshold,0.69999999999999996,0,2,MyAlgo1,0.90000000000000002,1,0.48363430000000002,0.029926100000000001,60.489066346262646,81.370759732446146,100,1
fidelity_threshold,0.69999999999999996,0,0,MyAlgo3,0.90000000000000002,1,0.80025880000000005,0.040716500000000003,60.88252006432112,81.685246600623984,100,1
fidelity_threshold,0.69999999999999996,0,1,MyAlgo3,0.90000000000000002,1,0.84516650000000004,0.044032099999999998,60.88252006432112,81.685246600623984,100,1
fidelity_threshold,0.69999999999999996,0,2,MyAlgo3,0.90000000000000002,1,0.89049780000000001,0.044211199999999999,60.88252006432112,81.685246600623984,100,1
fidelity_threshold,0.69999999999999996,1,0,MyAlgo1,0.90000000000000002,1,0.57033389999999995,0.018950600000000001,57.749217509651636,79.416355742827918,97,1
fidelity_threshold,0.69999999999999996,1,1,MyAlgo1,0.90000000000000002,1,0.55891009999999997,0.022369,57.749217509651636,79.416355742827918,97,1
fidelity_threshold,0.69999999999999996,1,2,MyAlgo1,0.90000000000000002,1,0.53619450000000002,0.023683699999999999,57.749217509651636,79.416355742827918,97,1
fidelity_threshold,0.69999999999999996,1,0,MyAlgo3,0.90000000000000002,1,1.0250836000000001,0.028391199999999998,58.438038779120717,78.981399144339036,97,1
fidelity_threshold,0.69999999999999996,1,1,MyAlgo3,0.90000000000000002,1,1.0572843999999999,0.025652299999999999,58.438038779120717,78.981399144339036,97,1
fidelity_threshold,0.69999999999999996,1,2,MyAlgo3,0.90000000000000002,1,1.0611269000000001,0.033851800000000001,58.438038779120717,78.981399144339036,97,1
fidelity_threshold,0.69999999999999996,2,0,MyAlgo1,0.90000000000000002,1,0.43574489999999999,0.019616100000000001,61.087822561502065,83.184125692469877,100,1
fidelity_threshold,0.69999999999999996,2,1,MyAlgo1,0.90000000000000002,1,0.40153709999999998,0.0188855,61.087822561502065,83.184125692469877,100,1
fidelity_threshold,0.69999999999999996,2,2,MyAlgo1,0.90000000000000002,1,0.41377079999999999,0.020084899999999999,61.087822561502065,83.184125692469877,100,1
fidelity_threshold,0.69999999999999996,2,0,MyAlgo3,0.90000000000000002,1,0.77663009999999999,0.028789700000000001,61.528569608413846,83.532733941408409,100,1
fidelity_threshold,0.69999999999999996,2,1,MyAlgo3,0.90000000000000002,1,0.77120250000000001,0.027585800000000001,61.528569608413846,83.532733941408409,100,1
fidelity_threshold,0.69999999999999996,2,2,MyAlgo3,0.90000000000000002,1,0.70766070000000003,0.026648700000000001,61.528569608413846,83.532733941408409,100,1
fidelity_threshold,0.69999999999999996,3,0,MyAlgo1,0.90000000000000002,1,0.46592699999999998,0.0233446,61.738795230725941,83.744816216454339,100,1
fidelity_threshold,0.69999999999999996,3,1,MyAlgo1,0.90000000000000002,1,0.48888199999999998,0.024571200000000001,61.738795230725941,83.744816216454339,100,1
fidelity_threshold,0.69999999999999996,3,2,MyAlgo1,0.90000000000000002,1,0.48606559999999999,0.025375399999999999,61.738795230725941,83.744816216454339,100,1
fidelity_threshold,0.69999999999999996,3,0,MyAlgo3,0.90000000000000002,1,0.86507080000000003,0.036933300000000002,62.431224880788477,84.021083841615265,100,1
fidelity_threshold,0.69999999999999996,3,1,MyAlgo3,0.90000000000000002,1,0.83663889999999996,0.038769100000000001,62.431224880788477,84.021083841615265,100,1
fidelity_threshold,0.69999999999999996,3,2,MyAlgo3,0.90000000000000002,1,0.84451989999999999,0.036229299999999999,62.431224880788477,84.021083841615265,100,1
fidelity_threshold,0.69999999999999996,4,0,MyAlgo1,0.90000000000000002,1,0.42694389999999999,0.024143299999999999,60.935150094093544,82.861216609431779,100,1
fidelity_threshold,0.69999999999999996,4,1,MyAlgo1,0.90000000000000002,1,0.51970150000000004,0.0241316,60.935150094093544,82.861216609431779,100,1
fidelity_threshold,0.69999999999999996,4,2,MyAlgo1,0.90000000000000002,1,0.51697150000000003,0.037466199999999998,60.935150094093544,82.861216609431779,100,1
fidelity_threshold,0.69999999999999996,4,0,MyAlgo3,0.90000000000000002,1,0.70405589999999996,0.028766699999999999,59.369024516644352,80.053877730953431,96,1
fidelity_threshold,0.69999999999999996,4,1,MyAlgo3,0.90000000000000002,1,0.69539519999999999,0.0298666,59.369024516644352,80.053877730953431,96,1
fidelity_threshold,0.69999999999999996,4,2,MyAlgo3,0.90000000000000002,1,0.67944119999999997,0.029221799999999999,59.369024516644352,80.053877730953431,96,1
fidelity_threshold,0.75,0,0,MyAlgo1,0.90000000000000002,1,0.48873240000000001,0.038031500000000003,56.562513102195773,75.390126979942067,91,1
fidelity_threshold,0.75,0,1,MyAlgo1,0.90000000000000002,1,0.48239209999999999,0.027568800000000001,56.562513102195773,75.390126979942067,91,1
fidelity_threshold,0.75,0,2,MyAlgo1,0.90000000000000002,1,0.476912,0.030649099999999999,56.562513102195773,75.390126979942067,91,1
fidelity_threshold,0.75,0,0,MyAlgo3,0.90000000000000002,1,0.81252290000000005,0.042216299999999998,57.386532701430646,76.348508332904359,92,1
fidelity_threshold,0.75,0,1,MyAlgo3,0.90000000000000002,1,0.82683379999999995,0.046066700000000002,57.386532701430646,76.348508332904359,92,1
fidelity_threshold,0.75,0,2,MyAlgo3,0.90000000000000002,1,0.79027829999999999,0.041243599999999998,57.386532701430646,76.348508332904359,92,1
fidelity_threshold,0.75,1,0,MyAlgo1,0.90000000000000002,1,0.51314610000000005,0.017867999999999998,48.518263679951858,64.978231872157821,77,1
fidelity_threshold,0.75,1,1,MyAlgo1,0.90000000000000002,1,0.56407090000000004,0.017929500000000001,48.518263679951858,64.978231872157821,77,1
fidelity_threshold,0.75,1,2,MyAlgo1,0.90000000000000002,1,0.58540720000000002,0.0171404,48.518263679951858,64.978231872157821,77,1
fidelity_threshold,0.75,1,0,MyAlgo3,0.90000000000000002,1,1.0183777000000001,0.026877600000000001,55.027706419065218,73.745546727959251,90,1
fidelity_threshold,0.75,1,1,MyAlgo3,0.90000000000000002,1,1.0071492,0.024640200000000001,55.027706419065218,73.745546727959251,90,1
fidelity_threshold,0.75,1,2,MyAlgo3,0.90000000000000002,1,1.0002770999999999,0.024993399999999999,55.027706419065218,73.745546727959251,90,1
fidelity_threshold,0.75,2,0,MyAlgo1,0.90000000000000002,1,0.51558959999999998,0.026991399999999999,57.236635181443887,77.326335085655927,92,1
fidelity_threshold,0.75,2,1,MyAlgo1,0.90000000000000002,1,0.41569669999999997,0.0208588,57.236635181443887,77.326335085655927,92,1
fidelity_threshold,0.75,2,2,MyAlgo1,0.90000000000000002,1,0.40799459999999999,0.020337299999999999,57.236635181443887,77.326335085655927,92,1
fidelity_threshold,0.75,2,0,MyAlgo3,0.90000000000000002,1,0.67978780000000005,0.0258602,57.677382228355668,77.674943334594431,92,1
fidelity_threshold,0.75,2,1,MyAlgo3,0.90000000000000002,1,0.71899349999999995,0.026293199999999999,57.677382228355668,77.674943334594431,92,1
fidelity_threshold,0.75,2,2,MyAlgo3,0.90000000000000002,1,0.71663129999999997,0.028924999999999999,57.677382228355668,77.674943334594431,92,1
fidelity_threshold,0.75,3,0,MyAlgo1,0.90000000000000002,1,0.55806129999999998,0.024424600000000001,56.604482393776848,75.892457976137237,90,1
fidelity_threshold,0.75,3,1,MyAlgo1,0.90000000000000002,1,0.49845400000000001,0.025071099999999999,56.604482393776848,75.892457976137237,90,1
fidelity_threshold,0.75,3,2,MyAlgo1,0.90000000000000002,1,0.48656690000000002,0.0235994,56.604482393776848,75.892457976137237,90,1
fidelity_threshold,0.75,3,0,MyAlgo3,0.90000000000000002,1,0.88448389999999999,0.037376300000000001,57.309199376024992,76.168725601298178,90,1
fidelity_threshold,0.75,3,1,MyAlgo3,0.90000000000000002,1,0.89199660000000003,0.034491800000000003,57.309199376024992,76.168725601298178,90,1
fidelity_threshold,0.75,3,2,MyAlgo3,0.90000000000000002,1,0.9015299,0.042975199999999998,57.309199376024992,76.168725601298178,90,1
fidelity_threshold,0.75,4,0,MyAlgo1,0.90000000000000002,1,0.46222780000000002,0.032568600000000003,56.081027734171137,75.376881224493445,90,1
fidelity_threshold,0.75,4,1,MyAlgo1,0.90000000000000002,1,0.5131481,0.0308679,56.081027734171137,75.376881224493445,90,1
fidelity_threshold,0.75,4,2,MyAlgo1,0.90000000000000002,1,0.43239509999999998,0.029540899999999998,56.081027734171137,75.376881224493445,90,1
fidelity_threshold,0.75,4,0,MyAlgo3,0.90000000000000002,1,0.7414501,0.028644800000000002,54.510208739783664,72.569542346015155,86,1
fidelity_threshold,0.75,4,1,MyAlgo3,0.90000000000000002,1,0.69704600000000005,0.028821900000000001,54.510208739783664,72.569542346015155,86,1
fidelity_threshold,0.75,4,2,MyAlgo3,0.90000000000000002,1,0.75628419999999996,0.035352799999999997,54.510208739783664,72.569542346015155,86,1
fidelity_threshold,0.80000000000000004,0,0,MyAlgo1,0.90000000000000002,1,0.49444369999999999,0.030167300000000001,37.92419779732333,48.957414983572484,56,1
fidelity_threshold,0.80000000000000004,0,1,MyAlgo1,0.90000000000000002,1,0.48119410000000001,0.0288542,37.92419779732333,48.957414983572484,56,1
fidelity_threshold,0.80000000000000004,0,2,MyAlgo1,0.90000000000000002,1,0.49409750000000002,0.033645799999999997,37.92419779732333,48.957414983572484,56,1
fidelity_threshold,0.80000000000000004,0,0,MyAlgo3,0.90000000000000002,1,0.71952530000000003,0.0350619,40.403580688891424,52.175352543926664,60,1
fidelity_threshold,0.80000000000000004,0,1,MyAlgo3,0.90000000000000002,1,0.7507376,0.039096199999999998,40.403580688891424,52.175352543926664,60,1
fidelity_threshold,0.80000000000000004,0,2,MyAlgo3,0.90000000000000002,1,0.76376140000000003,0.035333999999999997,40.403580688891424,52.175352543926664,60,1
fidelity_threshold,0.80000000000000004,1,0,MyAlgo1,0.90000000000000002,1,0.52932650000000003,0.017468600000000001,36.864758199792576,48.149552610229129,55,1
fidelity_threshold,0.80000000000000004,1,1,MyAlgo1,0.90000000000000002,1,0.53642109999999998,0.0185595,36.864758199792576,48.149552610229129,55,1
fidelity_threshold,0.80000000000000004,1,2,MyAlgo1,0.90000000000000002,1,0.58253690000000002,0.019212199999999999,36.864758199792576,48.149552610229129,55,1
fidelity_threshold,0.80000000000000004,1,0,MyAlgo3,0.90000000000000002,1,1.0097185,0.024751700000000001,39.785865364831928,52.066578493413381,60,1
fidelity_threshold,0.80000000000000004,1,1,MyAlgo3,0.90000000000000002,1,1.0054989000000001,0.0213472,39.785865364831928,52.066578493413381,60,1
fidelity_threshold,0.80000000000000004,1,2,MyAlgo3,0.90000000000000002,1,0.89358970000000004,0.021543799999999998,39.785865364831928,52.066578493413381,60,1
fidelity_threshold,0.80000000000000004,2,0,MyAlgo1,0.90000000000000002,1,0.42469089999999998,0.019373399999999999,33.946543935898035,43.865304567087556,51,1
fidelity_threshold,0.80000000000000004,2,1,MyAlgo1,0.90000000000000002,1,0.4408494,0.0194842,33.946543935898035,43.865304567087556,51,1
fidelity_threshold,0.80000000000000004,2,2,MyAlgo1,0.90000000000000002,1,0.41333310000000001,0.01874,33.946543935898035,43.865304567087556,51,1
fidelity_threshold,0.80000000000000004,2,0,MyAlgo3,0.90000000000000002,1,0.64337909999999998,0.024433799999999999,39.569177042799438,51.205369457861302,60,1
fidelity_threshold,0.80000000000000004,2,1,MyAlgo3,0.90000000000000002,1,0.65234539999999996,0.029769500000000001,39.569177042799438,51.205369457861302,60,1
fidelity_threshold,0.80000000000000004,2,2,MyAlgo3,0.90000000000000002,1,0.7005633,0.027505100000000001,39.569177042799438,51.205369457861302,60,1
fidelity_threshold,0.80000000000000004,3,0,MyAlgo1,0.90000000000000002,1,0.58494239999999997,0.036278900000000003,39.318798760787885,50.67151985829009,58,1
fidelity_threshold,0.80000000000000004,3,1,MyAlgo1,0.90000000000000002,1,0.5062046,0.028926400000000001,39.318798760787885,50.67151985829009,58,1
fidelity_threshold,0.80000000000000004,3,2,MyAlgo1,0.90000000000000002,1,0.50014970000000003,0.026766600000000002,39.318798760787885,50.67151985829009,58,1
fidelity_threshold,0.80000000000000004,3,0,MyAlgo3,0.90000000000000002,1,0.78269409999999995,0.0331585,40.88408821794787,52.412189445097766,60,1
fidelity_threshold,0.80000000000000004,3,1,MyAlgo3,0.90000000000000002,1,0.83957570000000004,0.032439999999999997,40.88408821794787,52.412189445097766,60,1
fidelity_threshold,0.80000000000000004,3,2,MyAlgo3,0.90000000000000002,1,0.75715140000000003,0.032123199999999998,40.88408821794787,52.412189445097766,60,1
fidelity_threshold,0.80000000000000004,4,0,MyAlgo1,0.90000000000000002,1,0.44364140000000002,0.022933100000000001,39.732783361775205,51.89068621177362,59,1
fidelity_threshold,0.80000000000000004,4,1,MyAlgo1,0.90000000000000002,1,0.43217139999999998,0.022106299999999999,39.732783361775205,51.89068621177362,59,1
fidelity_threshold,0.80000000000000004,4,2,MyAlgo1,0.90000000000000002,1,0.44261919999999999,0.022659700000000001,39.732783361775205,51.89068621177362,59,1
fidelity_threshold,0.80000000000000004,4,0,MyAlgo3,0.90000000000000002,1,0.63237049999999995,0.025616900000000001,40.611518037794973,52.804510958715724,60,1
fidelity_threshold,0.80000000000000004,4,1,MyAlgo3,0.90000000000000002,1,0.59747280000000003,0.0259864,40.611518037794973,52.804510958715724,60,1
fidelity_threshold,0.80000000000000004,4,2,MyAlgo3,0.90000000000000002,1,0.60505909999999996,0.025165300000000002,40.611518037794973,52.804510958715724,60,1
fidelity_threshold,0.84999999999999998,0,0,MyAlgo1,0.90000000000000002,1,0.47982069999999999,0.0266617,9.6650376486265426,11.670527184294389,13,1
fidelity_threshold,0.84999999999999998,0,1,MyAlgo1,0.90000000000000002,1,0.50413209999999997,0.027155200000000001,9.6650376486265426,11.670527184294389,13,1
fidelity_threshold,0.84999999999999998,0,2,MyAlgo1,0.90000000000000002,1,0.56021290000000001,0.039406900000000002,9.6650376486265426,11.670527184294389,13,1
fidelity_threshold,0.84999999999999998,0,0,MyAlgo3,0.90000000000000002,1,0.24212510000000001,0.013982899999999999,9.6909003792266297,11.682307571720317,13,1
fidelity_threshold,0.84999999999999998,0,1,MyAlgo3,0.90000000000000002,1,0.21216679999999999,0.0132014,9.6909003792266297,11.682307571720317,13,1
fidelity_threshold,0.84999999999999998,0,2,MyAlgo3,0.90000000000000002,1,0.23574919999999999,0.011481699999999999,9.6909003792266297,11.682307571720317,13,1
fidelity_threshold,0.84999999999999998,1,0,MyAlgo1,0.90000000000000002,1,0.62691580000000002,0.0177018,5.7688136724268722,7.1365995699216809,8,1
fidelity_threshold,0.84999999999999998,1,1,MyAlgo1,0.90000000000000002,1,0.55929680000000004,0.016145900000000001,5.7688136724268722,7.1365995699216809,8,1
fidelity_threshold,0.84999999999999998,1,2,MyAlgo1,0.90000000000000002,1,0.50759430000000005,0.016505200000000001,5.7688136724268722,7.1365995699216809,8,1
fidelity_threshold,0.84999999999999998,1,0,MyAlgo3,0.90000000000000002,1,0.2282991,0.0066814999999999999,5.7688136724268713,7.13659956992168,8,1
fidelity_threshold,0.84999999999999998,1,1,MyAlgo3,0.90000000000000002,1,0.21481819999999999,0.0063731999999999999,5.7688136724268713,7.13659956992168,8,1
fidelity_threshold,0.84999999999999998,1,2,MyAlgo3,0.90000000000000002,1,0.19143589999999999,0.0068255,5.7688136724268713,7.13659956992168,8,1
fidelity_threshold,0.84999999999999998,2,0,MyAlgo1,0.90000000000000002,1,0.41378199999999998,0.017093500000000001,11.101551479176356,13.451880719317895,15,1
fidelity_threshold,0.84999999999999998,2,1,MyAlgo1,0.90000000000000002,1,0.4582272,0.0181453,11.101551479176356,13.451880719317895,15,1
fidelity_threshold,0.84999999999999998,2,2,MyAlgo1,0.90000000000000002,1,0.58956869999999995,0.029012199999999998,11.101551479176356,13.451880719317895,15,1
fidelity_threshold,0.84999999999999998,2,0,MyAlgo3,0.90000000000000002,1,0.31285089999999999,0.0091581000000000006,11.165327426346618,13.463756824193949,15,1
fidelity_threshold,0.84999999999999998,2,1,MyAlgo3,0.90000000000000002,1,0.2914757,0.0089753000000000003,11.165327426346618,13.463756824193949,15,1
fidelity_threshold,0.84999999999999998,2,2,MyAlgo3,0.90000000000000002,1,0.27525240000000001,0.0080152000000000001,11.165327426346618,13.463756824193949,15,1
fidelity_threshold,0.84999999999999998,3,0,MyAlgo1,0.90000000000000002,1,0.53411719999999996,0.0212058,9.7633873789926291,11.641407441704672,13,1
fidelity_threshold,0.84999999999999998,3,1,MyAlgo1,0.90000000000000002,1,0.46858909999999998,0.021392499999999998,9.7633873789926291,11.641407441704672,13,1
fidelity_threshold,0.84999999999999998,3,2,MyAlgo1,0.90000000000000002,1,0.48360500000000001,0.021507600000000002,9.7633873789926291,11.641407441704672,13,1
fidelity_threshold,0.84999999999999998,3,0,MyAlgo3,0.90000000000000002,1,0.2553241,0.0142484,10.573747270551973,12.560943884672215,14,1
fidelity_threshold,0.84999999999999998,3,1,MyAlgo3,0.90000000000000002,1,0.29127180000000003,0.015444899999999999,10.573747270551973,12.560943884672215,14,1
fidelity_threshold,0.84999999999999998,3,2,MyAlgo3,0.90000000000000002,1,0.32941860000000001,0.014853999999999999,10.573747270551973,12.560943884672215,14,1
fidelity_threshold,0.84999999999999998,4,0,MyAlgo1,0.90000000000000002,1,0.43433389999999999,0.020119399999999999,8.7936849714213388,10.766893620117973,12,1
fidelity_threshold,0.84999999999999998,4,1,MyAlgo1,0.90000000000000002,1,0.50124880000000005,0.0203214,8.7936849714213388,10.766893620117973,12,1
fidelity_threshold,0.84999999999999998,4,2,MyAlgo1,0.90000000000000002,1,0.43260569999999998,0.0211661,8.7936849714213388,10.766893620117973,12,1
fidelity_threshold,0.84999999999999998,4,0,MyAlgo3,0.90000000000000002,1,0.18488199999999999,0.0103874,8.7936849714213405,10.766893620117973,12,1
fidelity_threshold,0.84999999999999998,4,1,MyAlgo3,0.90000000000000002,1,0.1848438,0.0116994,8.7936849714213405,10.766893620117973,12,1
fidelity_threshold,0.84999999999999998,4,2,MyAlgo3,0.90000000000000002,1,0.19615250000000001,0.0112687,8.7936849714213405,10.766893620117973,12,1
fidelity_threshold,0.90000000000000002,0,0,MyAlgo1,0.90000000000000002,1,0.48190149999999998,0.026651000000000001,0,0,0,1
fidelity_threshold,0.90000000000000002,0,1,MyAlgo1,0.90000000000000002,1,0.48726019999999998,0.0339864,0,0,0,1
fidelity_threshold,0.90000000000000002,0,2,MyAlgo1,0.90000000000000002,1,0.49791869999999999,0.035179200000000001,0,0,0,1
fidelity_threshold,0.90000000000000002,0,0,MyAlgo3,0.90000000000000002,1,0.0181085,0.0025527000000000002,0,0,0,1
fidelity_threshold,0.90000000000000002,0,1,MyAlgo3,0.90000000000000002,1,0.015939200000000001,0.0031297,0,0,0,1
fidelity_threshold,0.90000000000000002,0,2,MyAlgo3,0.90000000000000002,1,0.018975100000000002,0.0025067000000000002,0,0,0,1
fidelity_threshold,0.90000000000000002,1,0,MyAlgo1,0.90000000000000002,1,0.51587249999999996,0.0159247,0,0,0,1
fidelity_threshold,0.90000000000000002,1,1,MyAlgo1,0.90000000000000002,1,0.51821039999999996,0.016143899999999999,0,0,0,1
fidelity_threshold,0.90000000000000002,1,2,MyAlgo1,0.90000000000000002,1,0.53795899999999996,0.016444799999999999,0,0,0,1
fidelity_threshold,0.90000000000000002,1,0,MyAlgo3,0.90000000000000002,1,0.024294400000000001,0.0020918,0,0,0,1
fidelity_threshold,0.90000000000000002,1,1,MyAlgo3,0.90000000000000002,1,0.0209471,0.0023395,0,0,0,1
fidelity_threshold,0.90000000000000002,1,2,MyAlgo3,0.90000000000000002,1,0.022304399999999999,0.0022848999999999999,0,0,0,1
fidelity_threshold,0.90000000000000002,2,0,MyAlgo1,0.90000000000000002,1,0.5459155,0.027240299999999999,0,0,0,1
fidelity_threshold,0.90000000000000002,2,1,MyAlgo1,0.90000000000000002,1,0.56048019999999998,0.032548300000000002,0,0,0,1
fidelity_threshold,0.90000000000000002,2,2,MyAlgo1,0.90000000000000002,1,0.52356170000000002,0.0257989,0,0,0,1
fidelity_threshold,0.90000000000000002,2,0,MyAlgo3,0.90000000000000002,1,0.017346199999999999,0.0024941999999999998,0,0,0,1
fidelity_threshold,0.90000000000000002,2,1,MyAlgo3,0.90000000000000002,1,0.018001099999999999,0.0029816,0,0,0,1
fidelity_threshold,0.90000000000000002,2,2,MyAlgo3,0.90000000000000002,1,0.0163068,0.0031345000000000001,0,0,0,1
fidelity_threshold,0.90000000000000002,3,0,MyAlgo1,0.90000000000000002,1,0.50005180000000005,0.026081400000000001,3.1771289167857253,3.5996474161958254,4,1
fidelity_threshold,0.90000000000000002,3,1,MyAlgo1,0.90000000000000002,1,0.48322470000000001,0.0217457,3.1771289167857253,3.5996474161958254,4,1
fidelity_threshold,0.90000000000000002,3,2,MyAlgo1,0.90000000000000002,1,0.58664170000000004,0.026190100000000001,3.1771289167857253,3.5996474161958254,4,1
fidelity_threshold,0.90000000000000002,3,0,MyAlgo3,0.90000000000000002,1,0.1143716,0.0046639000000000003,3.9603496028571885,4.4993874892438015,5,1
fidelity_threshold,0.90000000000000002,3,1,MyAlgo3,0.90000000000000002,1,0.12341149999999999,0.0051295999999999998,3.9603496028571885,4.4993874892438015,5,1
fidelity_threshold,0.90000000000000002,3,2,MyAlgo3,0.90000000000000002,1,0.1133914,0.0055174999999999998,3.9603496028571885,4.4993874892438015,5,1
fidelity_threshold,0.90000000000000002,4,0,MyAlgo1,0.90000000000000002,1,0.48778100000000002,0.021498300000000001,0,0,0,1
fidelity_threshold,0.90000000000000002,4,1,MyAlgo1,0.90000000000000002,1,0.51755810000000002,0.022018300000000001,0,0,0,1
fidelity_threshold,0.90000000000000002,4,2,MyAlgo1,0.90000000000000002,1,0.4990849,0.021545700000000001,0,0,0,1
fidelity_threshold,0.90000000000000002,4,0,MyAlgo3,0.90000000000000002,1,0.017362900000000001,0.0025384000000000001,0,0,0,1
fidelity_threshold,0.90000000000000002,4,1,MyAlgo3,0.90000000000000002,1,0.016164700000000001,0.0025306,0,0,0,1
fidelity_threshold,0.90000000000000002,4,2,MyAlgo3,0.90000000000000002,1,0.0152943,0.0022572999999999998,0,0,0,1
time_limit,7,0,0,MyAlgo1,0.90000000000000002,1,0.31666949999999999,0.018271300000000001,37.215386719913326,48.063099280509739,55,1
time_limit,7,0,1,MyAlgo1,0.90000000000000002,1,0.29983330000000002,0.016698000000000001,37.215386719913326,48.063099280509739,55,1
time_limit,7,0,2,MyAlgo1,0.90000000000000002,1,0.31448110000000001,0.017109599999999999,37.215386719913326,48.063099280509739,55,1
time_limit,7,0,0,MyAlgo3,0.90000000000000002,1,0.68769559999999996,0.0337545,39.751782344257585,51.312146557775009,59,1
time_limit,7,0,1,MyAlgo3,0.90000000000000002,1,0.64223949999999996,0.0353792,39.751782344257585,51.312146557775009,59,1
time_limit,7,0,2,MyAlgo3,0.90000000000000002,1,0.60912429999999995,0.0228002,39.751782344257585,51.312146557775009,59,1
time_limit,7,1,0,MyAlgo1,0.90000000000000002,1,0.42416199999999998,0.0135937,34.057697258713993,44.500730465670635,51,1
time_limit,7,1,1,MyAlgo1,0.90000000000000002,1,0.43060680000000001,0.0103981,34.057697258713993,44.500730465670635,51,1
time_limit,7,1,2,MyAlgo1,0.90000000000000002,1,0.35281659999999998,0.011952000000000001,34.057697258713993,44.500730465670635,51,1
time_limit,7,1,0,MyAlgo3,0.90000000000000002,1,0.65804010000000002,0.018613600000000001,34.533791919391895,45.012750371666137,52,1
time_limit,7,1,1,MyAlgo3,0.90000000000000002,1,0.64082119999999998,0.017532599999999999,34.533791919391895,45.012750371666137,52,1
time_limit,7,1,2,MyAlgo3,0.90000000000000002,1,0.57411760000000001,0.0130676,34.533791919391895,45.012750371666137,52,1
time_limit,7,2,0,MyAlgo1,0.90000000000000002,1,0.38011990000000001,0.0180108,36.014039250557303,46.598969206636355,55,1
time_limit,7,2,1,MyAlgo1,0.90000000000000002,1,0.31697920000000002,0.019598999999999998,36.014039250557303,46.598969206636355,55,1
time_limit,7,2,2,MyAlgo1,0.90000000000000002,1,0.29825610000000002,0.0140646,36.014039250557303,46.598969206636355,55,1
time_limit,7,2,0,MyAlgo3,0.90000000000000002,1,0.38817550000000001,0.016762699999999998,36.007826660814345,46.412875420089271,54,1
time_limit,7,2,1,MyAlgo3,0.90000000000000002,1,0.3870767,0.016759799999999998,36.007826660814345,46.412875420089271,54,1
time_limit,7,2,2,MyAlgo3,0.90000000000000002,1,0.37222719999999998,0.018408500000000001,36.007826660814345,46.412875420089271,54,1
time_limit,7,3,0,MyAlgo1,0.90000000000000002,1,0.30177349999999997,0.0165387,38.683485486081011,49.820236764088115,57,1
time_limit,7,3,1,MyAlgo1,0.90000000000000002,1,0.3540893,0.023084199999999999,38.683485486081011,49.820236764088115,57,1
time_limit,7,3,2,MyAlgo1,0.90000000000000002,1,0.41958620000000002,0.024077399999999999,38.683485486081011,49.820236764088115,57,1
time_limit,7,3,0,MyAlgo3,0.90000000000000002,1,0.53866130000000001,0.023225099999999999,37.142190094843578,47.427804792920725,54,1
time_limit,7,3,1,MyAlgo3,0.90000000000000002,1,0.50661650000000003,0.023324500000000001,37.142190094843578,47.427804792920725,54,1
time_limit,7,3,2,MyAlgo3,0.90000000000000002,1,0.49601079999999997,0.028180799999999999,37.142190094843578,47.427804792920725,54,1
time_limit,7,4,0,MyAlgo1,0.90000000000000002,1,0.27099079999999998,0.016692100000000001,34.357412326382757,44.789173660277982,51,1
time_limit,7,4,1,MyAlgo1,0.90000000000000002,1,0.2594226,0.019695799999999999,34.357412326382757,44.789173660277982,51,1
time_limit,7,4,2,MyAlgo1,0.90000000000000002,1,0.26186969999999998,0.0140067,34.357412326382757,44.789173660277982,51,1
time_limit,7,4,0,MyAlgo3,0.90000000000000002,1,0.39530860000000001,0.021170399999999999,32.724560275231674,42.254394760237858,48,1
time_limit,7,4,1,MyAlgo3,0.90000000000000002,1,0.44571719999999998,0.0177158,32.724560275231674,42.254394760237858,48,1
time_limit,7,4,2,MyAlgo3,0.90000000000000002,1,0.32630740000000003,0.013751299999999999,32.724560275231674,42.254394760237858,48,1
time_limit,9,0,0,MyAlgo1,0.90000000000000002,1,0.4369286,0.020176199999999998,38.581766104583082,49.810513555603151,57,1
time_limit,9,0,1,MyAlgo1,0.90000000000000002,1,0.39658009999999999,0.021229999999999999,38.581766104583082,49.810513555603151,57,1
time_limit,9,0,2,MyAlgo1,0.90000000000000002,1,0.3493713,0.019854799999999999,38.581766104583082,49.810513555603151,57,1
time_limit,9,0,0,MyAlgo3,0.90000000000000002,1,0.57446609999999998,0.025626800000000002,40.403580688891424,52.175352543926664,60,1
time_limit,9,0,1,MyAlgo3,0.90000000000000002,1,0.57374519999999996,0.026159999999999999,40.403580688891424,52.175352543926664,60,1
time_limit,9,0,2,MyAlgo3,0.90000000000000002,1,0.53284229999999999,0.033868700000000002,40.403580688891424,52.175352543926664,60,1
time_limit,9,1,0,MyAlgo1,0.90000000000000002,1,0.38238090000000002,0.0162711,36.876809957347227,48.145783113300716,55,1
time_limit,9,1,1,MyAlgo1,0.90000000000000002,1,0.47073959999999998,0.020434299999999999,36.876809957347227,48.145783113300716,55,1
time_limit,9,1,2,MyAlgo1,0.90000000000000002,1,0.46981499999999998,0.0184327,36.876809957347227,48.145783113300716,55,1
time_limit,9,1,0,MyAlgo3,0.90000000000000002,1,0.60981969999999996,0.014134000000000001,37.159828642111911,48.539664432539759,56,1
time_limit,9,1,1,MyAlgo3,0.90000000000000002,1,0.59956120000000002,0.016304599999999999,37.159828642111911,48.539664432539759,56,1
time_limit,9,1,2,MyAlgo3,0.90000000000000002,1,0.5963794,0.015560900000000001,37.159828642111911,48.539664432539759,56,1
time_limit,9,2,0,MyAlgo1,0.90000000000000002,1,0.29866520000000002,0.014338999999999999,36.812863040164423,47.719208098132782,56,1
time_limit,9,2,1,MyAlgo1,0.90000000000000002,1,0.32880900000000002,0.0143961,36.812863040164423,47.719208098132782,56,1
time_limit,9,2,2,MyAlgo1,0.90000000000000002,1,0.29926950000000002,0.0147983,36.812863040164423,47.719208098132782,56,1
time_limit,9,2,0,MyAlgo3,0.90000000000000002,1,0.53305930000000001,0.018177200000000001,38.382060248804407,49.607871445270625,58,1
time_limit,9,2,1,MyAlgo3,0.90000000000000002,1,0.53803509999999999,0.022689000000000001,38.382060248804407,49.607871445270625,58,1
time_limit,9,2,2,MyAlgo3,0.90000000000000002,1,0.52252580000000004,0.0169026,38.382060248804407,49.607871445270625,58,1
time_limit,9,3,0,MyAlgo1,0.90000000000000002,1,0.33912959999999998,0.016671700000000001,38.721732808137453,49.847561902616931,57,1
time_limit,9,3,1,MyAlgo1,0.90000000000000002,1,0.33988940000000001,0.017946199999999999,38.721732808137453,49.847561902616931,57,1
time_limit,9,3,2,MyAlgo1,0.90000000000000002,1,0.37121599999999999,0.017902600000000001,38.721732808137453,49.847561902616931,57,1
time_limit,9,3,0,MyAlgo3,0.90000000000000002,1,0.54731320000000006,0.022905100000000001,40.237660617157466,51.536904340075047,59,1
time_limit,9,3,1,MyAlgo3,0.90000000000000002,1,0.66812530000000003,0.0266985,40.237660617157466,51.536904340075047,59,1
time_limit,9,3,2,MyAlgo3,0.90000000000000002,1,0.60807730000000004,0.0277161,40.237660617157466,51.536904340075047,59,1
time_limit,9,4,0,MyAlgo1,0.90000000000000002,1,0.33559080000000002,0.018505299999999999,37.125609555453487,48.347865184088128,55,1
time_limit,9,4,1,MyAlgo1,0.90000000000000002,1,0.38354870000000002,0.019700800000000001,37.125609555453487,48.347865184088128,55,1
time_limit,9,4,2,MyAlgo1,0.90000000000000002,1,0.43777680000000002,0.020243000000000001,37.125609555453487,48.347865184088128,55,1
time_limit,9,4,0,MyAlgo3,0.90000000000000002,1,0.45913110000000001,0.018350700000000001,36.010792676299715,46.650276509603636,53,1
time_limit,9,4,1,MyAlgo3,0.90000000000000002,1,0.44124000000000002,0.020752,36.010792676299715,46.650276509603636,53,1
time_limit,9,4,2,MyAlgo3,0.90000000000000002,1,0.53052100000000002,0.0180149,36.010792676299715,46.650276509603636,53,1
time_limit,11,0,0,MyAlgo1,0.90000000000000002,1,0.52305380000000001,0.0267954,37.984129866752411,48.960452156819315,56,1
time_limit,11,0,1,MyAlgo1,0.90000000000000002,1,0.56530480000000005,0.026588199999999999,37.984129866752411,48.960452156819315,56,1
time_limit,11,0,2,MyAlgo1,0.90000000000000002,1,0.47664780000000001,0.0264373,37.984129866752411,48.960452156819315,56,1
time_limit,11,0,0,MyAlgo3,0.90000000000000002,1,0.77611549999999996,0.0487299,40.403580688891424,52.175352543926664,60,1
time_limit,11,0,1,MyAlgo3,0.90000000000000002,1,0.81938599999999995,0.035282800000000003,40.403580688891424,52.175352543926664,60,1
time_limit,11,0,2,MyAlgo3,0.90000000000000002,1,0.71017300000000005,0.035680799999999999,40.403580688891424,52.175352543926664,60,1
time_limit,11,1,0,MyAlgo1,0.90000000000000002,1,0.47740769999999999,0.017549800000000001,36.858641416453445,48.142460225076483,55,1
time_limit,11,1,1,MyAlgo1,0.90000000000000002,1,0.52520679999999997,0.017574699999999999,36.858641416453445,48.142460225076483,55,1
time_limit,11,1,2,MyAlgo1,0.90000000000000002,1,0.55116770000000004,0.017286699999999999,36.858641416453445,48.142460225076483,55,1
time_limit,11,1,0,MyAlgo3,0.90000000000000002,1,1.0409447000000001,0.0194568,39.785865364831928,52.066578493413381,60,1
time_limit,11,1,1,MyAlgo3,0.90000000000000002,1,1.1151717000000001,0.0270701,39.785865364831928,52.066578493413381,60,1
time_limit,11,1,2,MyAlgo3,0.90000000000000002,1,1.0885358000000001,0.024669400000000001,39.785865364831928,52.066578493413381,60,1
time_limit,11,2,0,MyAlgo1,0.90000000000000002,1,0.52091310000000002,0.029051500000000001,36.35687928216359,47.024777935594152,55,1
time_limit,11,2,1,MyAlgo1,0.90000000000000002,1,0.57775399999999999,0.026458200000000001,36.35687928216359,47.024777935594152,55,1
time_limit,11,2,2,MyAlgo1,0.90000000000000002,1,0.54017979999999999,0.027370800000000001,36.35687928216359,47.024777935594152,55,1
time_limit,11,2,0,MyAlgo3,0.90000000000000002,1,0.67950889999999997,0.030801700000000001,39.569177042799438,51.205369457861302,60,1
time_limit,11,2,1,MyAlgo3,0.90000000000000002,1,0.72653480000000004,0.025818000000000001,39.569177042799438,51.205369457861302,60,1
time_limit,11,2,2,MyAlgo3,0.90000000000000002,1,0.76925030000000005,0.024623800000000001,39.569177042799438,51.205369457861302,60,1
time_limit,11,3,0,MyAlgo1,0.90000000000000002,1,0.60556399999999999,0.025549200000000001,37.262367817962748,48.074762994723486,55,1
time_limit,11,3,1,MyAlgo1,0.90000000000000002,1,0.74256,0.025013199999999999,37.262367817962748,48.074762994723486,55,1
time_limit,11,3,2,MyAlgo1,0.90000000000000002,1,0.60504990000000003,0.028466700000000001,37.262367817962748,48.074762994723486,55,1
time_limit,11,3,0,MyAlgo3,0.90000000000000002,1,0.90868530000000003,0.032409899999999998,40.88408821794787,52.412189445097766,60,1
time_limit,11,3,1,MyAlgo3,0.90000000000000002,1,0.91055079999999999,0.033324899999999998,40.88408821794787,52.412189445097766,60,1
time_limit,11,3,2,MyAlgo3,0.90000000000000002,1,0.91313420000000001,0.032970699999999999,40.88408821794787,52.412189445097766,60,1
time_limit,11,4,0,MyAlgo1,0.90000000000000002,1,0.44082450000000001,0.023682399999999999,40.370291448483876,52.747978945958103,60,1
time_limit,11,4,1,MyAlgo1,0.90000000000000002,1,0.41592649999999998,0.022262500000000001,40.370291448483876,52.747978945958103,60,1
time_limit,11,4,2,MyAlgo1,0.90000000000000002,1,0.56248390000000004,0.031415899999999997,40.370291448483876,52.747978945958103,60,1
time_limit,11,4,0,MyAlgo3,0.90000000000000002,1,0.66936189999999995,0.026552200000000001,39.297025077367756,51.046158258969413,58,1
time_limit,11,4,1,MyAlgo3,0.90000000000000002,1,0.69435060000000004,0.028440699999999999,39.297025077367756,51.046158258969413,58,1
time_limit,11,4,2,MyAlgo3,0.90000000000000002,1,0.6287452,0.027623700000000001,39.297025077367756,51.046158258969413,58,1
time_limit,13,0,0,MyAlgo1,0.90000000000000002,1,0.54290079999999996,0.033390499999999997,37.92419779732333,48.957414983572484,56,1
time_limit,13,0,1,MyAlgo1,0.90000000000000002,1,0.58153569999999999,0.030870000000000002,37.92419779732333,48.957414983572484,56,1
time_limit,13,0,2,MyAlgo1,0.90000000000000002,1,0.61168480000000003,0.049133900000000001,37.92419779732333,48.957414983572484,56,1
time_limit,13,0,0,MyAlgo3,0.90000000000000002,1,0.88491030000000004,0.041526800000000003,40.403580688891424,52.175352543926664,60,1
time_limit,13,0,1,MyAlgo3,0.90000000000000002,1,0.87485429999999997,0.038171799999999999,40.403580688891424,52.175352543926664,60,1
time_limit,13,0,2,MyAlgo3,0.90000000000000002,1,0.86940620000000002,0.040858100000000001,40.403580688891424,52.175352543926664,60,1
time_limit,13,1,0,MyAlgo1,0.90000000000000002,1,0.71766739999999996,0.019523100000000002,36.864758199792576,48.149552610229129,55,1
time_limit,13,1,1,MyAlgo1,0.90000000000000002,1,0.84763719999999998,0.0267049,36.864758199792576,48.149552610229129,55,1
time_limit,13,1,2,MyAlgo1,0.90000000000000002,1,0.66748830000000003,0.0238937,36.864758199792576,48.149552610229129,55,1
time_limit,13,1,0,MyAlgo3,0.90000000000000002,1,1.0949575,0.023508500000000002,39.785865364831928,52.066578493413381,60,1
time_limit,13,1,1,MyAlgo3,0.90000000000000002,1,1.0777007999999999,0.031089800000000001,39.785865364831928,52.066578493413381,60,1
time_limit,13,1,2,MyAlgo3,0.90000000000000002,1,1.1579523,0.024907800000000001,39.785865364831928,52.066578493413381,60,1
time_limit,13,2,0,MyAlgo1,0.90000000000000002,1,0.61729179999999995,0.029576499999999999,33.946543935898035,43.865304567087556,51,1
time_limit,13,2,1,MyAlgo1,0.90000000000000002,1,0.62068959999999995,0.035200299999999997,33.946543935898035,43.865304567087556,51,1
time_limit,13,2,2,MyAlgo1,0.90000000000000002,1,0.5404137,0.0222422,33.946543935898035,43.865304567087556,51,1
time_limit,13,2,0,MyAlgo3,0.90000000000000002,1,0.75737120000000002,0.024797400000000001,39.569177042799438,51.205369457861302,60,1
time_limit,13,2,1,MyAlgo3,0.90000000000000002,1,0.63303229999999999,0.0254383,39.569177042799438,51.205369457861302,60,1
time_limit,13,2,2,MyAlgo3,0.90000000000000002,1,0.67985099999999998,0.025179,39.569177042799438,51.205369457861302,60,1
time_limit,13,3,0,MyAlgo1,0.90000000000000002,1,0.5035425,0.024132399999999998,39.318798760787885,50.67151985829009,58,1
time_limit,13,3,1,MyAlgo1,0.90000000000000002,1,0.55863459999999998,0.0241812,39.318798760787885,50.67151985829009,58,1
time_limit,13,3,2,MyAlgo1,0.90000000000000002,1,0.56803119999999996,0.023733899999999999,39.318798760787885,50.67151985829009,58,1
time_limit,13,3,0,MyAlgo3,0.90000000000000002,1,0.85247649999999997,0.033273299999999999,40.88408821794787,52.412189445097766,60,1
time_limit,13,3,1,MyAlgo3,0.90000000000000002,1,0.75083370000000005,0.0318815,40.88408821794787,52.412189445097766,60,1
time_limit,13,3,2,MyAlgo3,0.90000000000000002,1,0.81475500000000001,0.032898999999999998,40.88408821794787,52.412189445097766,60,1
time_limit,13,4,0,MyAlgo1,0.90000000000000002,1,0.43038979999999999,0.0241765,39.732783361775205,51.89068621177362,59,1
time_limit,13,4,1,MyAlgo1,0.90000000000000002,1,0.4981545,0.025512199999999999,39.732783361775205,51.89068621177362,59,1
time_limit,13,4,2,MyAlgo1,0.90000000000000002,1,0.4599627,0.034541000000000002,39.732783361775205,51.89068621177362,59,1
time_limit,13,4,0,MyAlgo3,0.90000000000000002,1,0.65881920000000005,0.0280637,40.611518037794973,52.804510958715724,60,1
time_limit,13,4,1,MyAlgo3,0.90000000000000002,1,0.66610950000000002,0.0287776,40.611518037794973,52.804510958715724,60,1
time_limit,13,4,2,MyAlgo3,0.90000000000000002,1,0.81056379999999995,0.028821200000000002,40.611518037794973,52.804510958715724,60,1
time_limit,15,0,0,MyAlgo1,0.90000000000000002,1,0.64766449999999998,0.046512100000000001,38.009992597352507,48.97223254424523,56,1
time_limit,15,0,1,MyAlgo1,0.90000000000000002,1,0.67410680000000001,0.045315300000000003,38.009992597352507,48.97223254424523,56,1
time_limit,15,0,2,MyAlgo1,0.90000000000000002,1,0.68771119999999997,0.034069599999999998,38.009992597352507,48.97223254424523,56,1
time_limit,15,0,0,MyAlgo3,0.90000000000000002,1,1.1104959000000001,0.0563525,40.403580688891424,52.175352543926664,60,1
time_limit,15,0,1,MyAlgo3,0.90000000000000002,1,0.97984230000000005,0.058527799999999998,40.403580688891424,52.175352543926664,60,1
time_limit,15,0,2,MyAlgo3,0.90000000000000002,1,0.94687560000000004,0.050916400000000001,40.403580688891424,52.175352543926664,60,1
time_limit,15,1,0,MyAlgo1,0.90000000000000002,1,0.89004970000000005,0.025612099999999999,36.839244936634707,48.136627291854808,55,1
time_limit,15,1,1,MyAlgo1,0.90000000000000002,1,0.75350300000000003,0.0325603,36.839244936634707,48.136627291854808,55,1
time_limit,15,1,2,MyAlgo1,0.90000000000000002,1,0.73410679999999995,0.026501199999999999,36.839244936634707,48.136627291854808,55,1
time_limit,15,1,0,MyAlgo3,0.90000000000000002,1,1.1708221000000001,0.024379000000000001,39.785865364831928,52.066578493413381,60,1
time_limit,15,1,1,MyAlgo3,0.90000000000000002,1,1.0938528000000001,0.023728099999999998,39.785865364831928,52.066578493413381,60,1
time_limit,15,1,2,MyAlgo3,0.90000000000000002,1,1.0253045000000001,0.023896899999999999,39.785865364831928,52.066578493413381,60,1
time_limit,15,2,0,MyAlgo1,0.90000000000000002,1,0.50836289999999995,0.0241228,33.338462683752105,43.041458160829698,50,1
time_limit,15,2,1,MyAlgo1,0.90000000000000002,1,0.62908600000000003,0.023351,33.338462683752105,43.041458160829698,50,1
time_limit,15,2,2,MyAlgo1,0.90000000000000002,1,0.53271250000000003,0.024242699999999999,33.338462683752105,43.041458160829698,50,1
time_limit,15,2,0,MyAlgo3,0.90000000000000002,1,0.69268649999999998,0.0271583,39.569177042799438,51.205369457861302,60,1
time_limit,15,2,1,MyAlgo3,0.90000000000000002,1,0.73983900000000002,0.027609999999999999,39.569177042799438,51.205369457861302,60,1
time_limit,15,2,2,MyAlgo3,0.90000000000000002,1,0.70793499999999998,0.031786599999999998,39.569177042799438,51.205369457861302,60,1
time_limit,15,3,0,MyAlgo1,0.90000000000000002,1,0.71259819999999996,0.037982700000000001,39.271511260891394,50.728631662344931,58,1
time_limit,15,3,1,MyAlgo1,0.90000000000000002,1,0.77403849999999996,0.028301099999999999,39.271511260891394,50.728631662344931,58,1
time_limit,15,3,2,MyAlgo1,0.90000000000000002,1,0.60263180000000005,0.037768200000000002,39.271511260891394,50.728631662344931,58,1
time_limit,15,3,0,MyAlgo3,0.90000000000000002,1,1.0133258000000001,0.039675599999999998,40.88408821794787,52.412189445097766,60,1
time_limit,15,3,1,MyAlgo3,0.90000000000000002,1,0.9609936,0.0358652,40.88408821794787,52.412189445097766,60,1
time_limit,15,3,2,MyAlgo3,0.90000000000000002,1,0.95054989999999995,0.035193700000000001,40.88408821794787,52.412189445097766,60,1
time_limit,15,4,0,MyAlgo1,0.90000000000000002,1,0.56857829999999998,0.028776199999999998,40.393516542126456,52.770587573069001,60,1
time_limit,15,4,1,MyAlgo1,0.90000000000000002,1,0.49605110000000002,0.026891499999999999,40.393516542126456,52.770587573069001,60,1
time_limit,15,4,2,MyAlgo1,0.90000000000000002,1,0.67611969999999999,0.027871199999999999,40.393516542126456,52.770587573069001,60,1
time_limit,15,4,0,MyAlgo3,0.90000000000000002,1,0.84456220000000004,0.02981,40.611518037794973,52.804510958715724,60,1
time_limit,15,4,1,MyAlgo3,0.90000000000000002,1,0.72780900000000004,0.030858400000000001,40.611518037794973,52.804510958715724,60,1
time_limit,15,4,2,MyAlgo3,0.90000000000000002,1,0.77196770000000003,0.029475899999999999,40.611518037794973,52.804510958715724,60,1
time_limit,17,0,0,MyAlgo1,0.90000000000000002,1,0.67205899999999996,0.035179099999999998,37.950060527923412,48.969195370998399,56,1
time_limit,17,0,1,MyAlgo1,0.90000000000000002,1,0.64012729999999995,0.036482800000000003,37.950060527923412,48.969195370998399,56,1
time_limit,17,0,2,MyAlgo1,0.90000000000000002,1,0.6800889,0.0347779,37.950060527923412,48.969195370998399,56,1
time_limit,17,0,0,MyAlgo3,0.90000000000000002,1,1.2003026000000001,0.052091499999999999,40.403580688891424,52.175352543926664,60,1
time_limit,17,0,1,MyAlgo3,0.90000000000000002,1,1.1556329999999999,0.0604571,40.403580688891424,52.175352543926664,60,1
time_limit,17,0,2,MyAlgo3,0.90000000000000002,1,1.1063411000000001,0.045715600000000002,40.403580688891424,52.175352543926664,60,1
time_limit,17,1,0,MyAlgo1,0.90000000000000002,1,0.70421860000000003,0.0213776,36.288166363717281,47.37700630850577,54,1
time_limit,17,1,1,MyAlgo1,0.90000000000000002,1,0.77705310000000005,0.028351000000000001,36.288166363717281,47.37700630850577,54,1
time_limit,17,1,2,MyAlgo1,0.90000000000000002,1,0.71383399999999997,0.032052499999999998,36.288166363717281,47.37700630850577,54,1
time_limit,17,1,0,MyAlgo3,0.90000000000000002,1,1.1598637999999999,0.030909300000000001,39.785865364831928,52.066578493413381,60,1
time_limit,17,1,1,MyAlgo3,0.90000000000000002,1,1.4446129000000001,0.030575100000000001,39.785865364831928,52.066578493413381,60,1
time_limit,17,1,2,MyAlgo3,0.90000000000000002,1,1.3143754999999999,0.0306967,39.785865364831928,52.066578493413381,60,1
time_limit,17,2,0,MyAlgo1,0.90000000000000002,1,0.54049230000000004,0.023040600000000001,32.773949997051432,42.292903954459391,49,1
time_limit,17,2,1,MyAlgo1,0.90000000000000002,1,0.60055239999999999,0.023903799999999999,32.773949997051432,42.292903954459391,49,1
time_limit,17,2,2,MyAlgo1,0.90000000000000002,1,0.61196799999999996,0.030095500000000001,32.773949997051432,42.292903954459391,49,1
time_limit,17,2,0,MyAlgo3,0.90000000000000002,1,0.96309549999999999,0.031541899999999998,39.569177042799438,51.205369457861302,60,1
time_limit,17,2,1,MyAlgo3,0.90000000000000002,1,0.87101879999999998,0.031181799999999999,39.569177042799438,51.205369457861302,60,1
time_limit,17,2,2,MyAlgo3,0.90000000000000002,1,0.91469400000000001,0.029564400000000001,39.569177042799438,51.205369457861302,60,1
time_limit,17,3,0,MyAlgo1,0.90000000000000002,1,0.66668300000000003,0.0298316,39.294631351140524,50.76048548453273,58,1
time_limit,17,3,1,MyAlgo1,0.90000000000000002,1,0.6199325,0.0294314,39.294631351140524,50.76048548453273,58,1
time_limit,17,3,2,MyAlgo1,0.90000000000000002,1,0.61497109999999999,0.030764699999999999,39.294631351140524,50.76048548453273,58,1
time_limit,17,3,0,MyAlgo3,0.90000000000000002,1,0.95302390000000003,0.045268599999999999,40.88408821794787,52.412189445097766,60,1
time_limit,17,3,1,MyAlgo3,0.90000000000000002,1,0.97079870000000001,0.0491662,40.88408821794787,52.412189445097766,60,1
time_limit,17,3,2,MyAlgo3,0.90000000000000002,1,0.96352439999999995,0.040350400000000002,40.88408821794787,52.412189445097766,60,1
time_limit,17,4,0,MyAlgo1,0.90000000000000002,1,0.60101009999999999,0.027035099999999999,40.393516542126449,52.770587573069008,60,1
time_limit,17,4,1,MyAlgo1,0.90000000000000002,1,0.57607379999999997,0.026262199999999999,40.393516542126449,52.770587573069008,60,1
time_limit,17,4,2,MyAlgo1,0.90000000000000002,1,0.56718809999999997,0.028302500000000001,40.393516542126449,52.770587573069008,60,1
time_limit,17,4,0,MyAlgo3,0.90000000000000002,1,0.75257459999999998,0.031332199999999998,40.611518037794973,52.804510958715724,60,1
time_limit,17,4,1,MyAlgo3,0.90000000000000002,1,0.80604209999999998,0.030929700000000001,40.611518037794973,52.804510958715724,60,1
time_limit,17,4,2,MyAlgo3,0.90000000000000002,1,0.76442719999999997,0.031155700000000001,40.611518037794973,52.804510958715724,60,1
