sweep,parameter_value,instance,algorithm,accepted_schedules,metrics_identical,cdf_identical,schedules_identical
request_cnt,80,0,MyAlgo1,46,1,1,1
request_cnt,80,0,MyAlgo3,48,1,1,1
request_cnt,80,1,MyAlgo1,44,1,1,1
request_cnt,80,1,MyAlgo3,48,1,1,1
request_cnt,80,2,MyAlgo1,40,1,1,1
request_cnt,80,2,MyAlgo3,48,1,1,1
request_cnt,80,3,MyAlgo1,48,1,1,1
request_cnt,80,3,MyAlgo3,48,1,1,1
request_cnt,80,4,MyAlgo1,48,1,1,1
request_cnt,80,4,MyAlgo3,48,1,1,1
request_cnt,100,0,MyAlgo1,56,1,1,1
request_cnt,100,0,MyAlgo3,60,1,1,1
request_cnt,100,1,MyAlgo1,55,1,1,1
request_cnt,100,1,MyAlgo3,60,1,1,1
request_cnt,100,2,MyAlgo1,51,1,1,1
request_cnt,100,2,MyAlgo3,60,1,1,1
request_cnt,100,3,MyAlgo1,58,1,1,1
request_cnt,100,3,MyAlgo3,60,1,1,1
request_cnt,100,4,MyAlgo1,59,1,1,1
request_cnt,100,4,MyAlgo3,60,1,1,1
request_cnt,120,0,MyAlgo1,67,1,1,1
request_cnt,120,0,MyAlgo3,72,1,1,1
request_cnt,120,1,MyAlgo1,66,1,1,1
request_cnt,120,1,MyAlgo3,72,1,1,1
request_cnt,120,2,MyAlgo1,67,1,1,1
request_cnt,120,2,MyAlgo3,72,1,1,1
request_cnt,120,3,MyAlgo1,71,1,1,1
request_cnt,120,3,MyAlgo3,72,1,1,1
request_cnt,120,4,MyAlgo1,71,1,1,1
request_cnt,120,4,MyAlgo3,71,1,1,1
request_cnt,140,0,MyAlgo1,76,1,1,1
request_cnt,140,0,MyAlgo3,84,1,1,1
request_cnt,140,1,MyAlgo1,76,1,1,1
request_cnt,140,1,MyAlgo3,79,1,1,1
request_cnt,140,2,MyAlgo1,76,1,1,1
request_cnt,140,2,MyAlgo3,82,1,1,1
request_cnt,140,3,MyAlgo1,80,1,1,1
request_cnt,140,3,MyAlgo3,84,1,1,1
request_cnt,140,4,MyAlgo1,81,1,1,1
request_cnt,140,4,MyAlgo3,79,1,1,1
request_cnt,160,0,MyAlgo1,88,1,1,1
request_cnt,160,0,MyAlgo3,96,1,1,1
request_cnt,160,1,MyAlgo1,86,1,1,1
request_cnt,160,1,MyAlgo3,88,1,1,1
request_cnt,160,2,MyAlgo1,83,1,1,1
request_cnt,160,2,MyAlgo3,91,1,1,1
request_cnt,160,3,MyAlgo1,91,1,1,1
request_cnt,160,3,MyAlgo3,96,1,1,1
request_cnt,160,4,MyAlgo1,93,1,1,1
request_cnt,160,4,MyAlgo3,88,1,1,1
fidelity_threshold,0.7,0,MyAlgo1,100,1,1,1
fidelity_threshold,0.7,0,MyAlgo3,100,1,1,1
fidelity_threshold,0.7,1,MyAlgo1,97,1,1,1
fidelity_threshold,0.7,1,MyAlgo3,97,1,1,1
fidelity_threshold,0.7,2,MyAlgo1,100,1,1,1
fidelity_threshold,0.7,2,MyAlgo3,100,1,1,1
fidelity_threshold,0.7,3,MyAlgo1,100,1,1,1
fidelity_threshold,0.7,3,MyAlgo3,100,1,1,1
fidelity_threshold,0.7,4,MyAlgo1,100,1,1,1
fidelity_threshold,0.7,4,MyAlgo3,96,1,1,1
fidelity_threshold,0.75,0,MyAlgo1,91,1,1,1
fidelity_threshold,0.75,0,MyAlgo3,92,1,1,1
fidelity_threshold,0.75,1,MyAlgo1,77,1,1,1
fidelity_threshold,0.75,1,MyAlgo3,90,1,1,1
fidelity_threshold,0.75,2,MyAlgo1,92,1,1,1
fidelity_threshold,0.75,2,MyAlgo3,92,1,1,1
fidelity_threshold,0.75,3,MyAlgo1,90,1,1,1
fidelity_threshold,0.75,3,MyAlgo3,90,1,1,1
fidelity_threshold,0.75,4,MyAlgo1,90,1,1,1
fidelity_threshold,0.75,4,MyAlgo3,86,1,1,1
fidelity_threshold,0.8,0,MyAlgo1,56,1,1,1
fidelity_threshold,0.8,0,MyAlgo3,60,1,1,1
fidelity_threshold,0.8,1,MyAlgo1,55,1,1,1
fidelity_threshold,0.8,1,MyAlgo3,60,1,1,1
fidelity_threshold,0.8,2,MyAlgo1,51,1,1,1
fidelity_threshold,0.8,2,MyAlgo3,60,1,1,1
fidelity_threshold,0.8,3,MyAlgo1,58,1,1,1
fidelity_threshold,0.8,3,MyAlgo3,60,1,1,1
fidelity_threshold,0.8,4,MyAlgo1,59,1,1,1
fidelity_threshold,0.8,4,MyAlgo3,60,1,1,1
fidelity_threshold,0.85,0,MyAlgo1,13,1,1,1
fidelity_threshold,0.85,0,MyAlgo3,13,1,1,1
fidelity_threshold,0.85,1,MyAlgo1,8,1,1,1
fidelity_threshold,0.85,1,MyAlgo3,8,1,1,1
fidelity_threshold,0.85,2,MyAlgo1,15,1,1,1
fidelity_threshold,0.85,2,MyAlgo3,15,1,1,1
fidelity_threshold,0.85,3,MyAlgo1,13,1,1,1
fidelity_threshold,0.85,3,MyAlgo3,14,1,1,1
fidelity_threshold,0.85,4,MyAlgo1,12,1,1,1
fidelity_threshold,0.85,4,MyAlgo3,12,1,1,1
fidelity_threshold,0.9,0,MyAlgo1,0,1,1,1
fidelity_threshold,0.9,0,MyAlgo3,0,1,1,1
fidelity_threshold,0.9,1,MyAlgo1,0,1,1,1
fidelity_threshold,0.9,1,MyAlgo3,0,1,1,1
fidelity_threshold,0.9,2,MyAlgo1,0,1,1,1
fidelity_threshold,0.9,2,MyAlgo3,0,1,1,1
fidelity_threshold,0.9,3,MyAlgo1,4,1,1,1
fidelity_threshold,0.9,3,MyAlgo3,5,1,1,1
fidelity_threshold,0.9,4,MyAlgo1,0,1,1,1
fidelity_threshold,0.9,4,MyAlgo3,0,1,1,1
time_limit,7,0,MyAlgo1,55,1,1,1
time_limit,7,0,MyAlgo3,59,1,1,1
time_limit,7,1,MyAlgo1,51,1,1,1
time_limit,7,1,MyAlgo3,52,1,1,1
time_limit,7,2,MyAlgo1,55,1,1,1
time_limit,7,2,MyAlgo3,54,1,1,1
time_limit,7,3,MyAlgo1,57,1,1,1
time_limit,7,3,MyAlgo3,54,1,1,1
time_limit,7,4,MyAlgo1,51,1,1,1
time_limit,7,4,MyAlgo3,48,1,1,1
time_limit,9,0,MyAlgo1,57,1,1,1
time_limit,9,0,MyAlgo3,60,1,1,1
time_limit,9,1,MyAlgo1,55,1,1,1
time_limit,9,1,MyAlgo3,56,1,1,1
time_limit,9,2,MyAlgo1,56,1,1,1
time_limit,9,2,MyAlgo3,58,1,1,1
time_limit,9,3,MyAlgo1,57,1,1,1
time_limit,9,3,MyAlgo3,59,1,1,1
time_limit,9,4,MyAlgo1,55,1,1,1
time_limit,9,4,MyAlgo3,53,1,1,1
time_limit,11,0,MyAlgo1,56,1,1,1
time_limit,11,0,MyAlgo3,60,1,1,1
time_limit,11,1,MyAlgo1,55,1,1,1
time_limit,11,1,MyAlgo3,60,1,1,1
time_limit,11,2,MyAlgo1,55,1,1,1
time_limit,11,2,MyAlgo3,60,1,1,1
time_limit,11,3,MyAlgo1,55,1,1,1
time_limit,11,3,MyAlgo3,60,1,1,1
time_limit,11,4,MyAlgo1,60,1,1,1
time_limit,11,4,MyAlgo3,58,1,1,1
time_limit,13,0,MyAlgo1,56,1,1,1
time_limit,13,0,MyAlgo3,60,1,1,1
time_limit,13,1,MyAlgo1,55,1,1,1
time_limit,13,1,MyAlgo3,60,1,1,1
time_limit,13,2,MyAlgo1,51,1,1,1
time_limit,13,2,MyAlgo3,60,1,1,1
time_limit,13,3,MyAlgo1,58,1,1,1
time_limit,13,3,MyAlgo3,60,1,1,1
time_limit,13,4,MyAlgo1,59,1,1,1
time_limit,13,4,MyAlgo3,60,1,1,1
time_limit,15,0,MyAlgo1,56,1,1,1
time_limit,15,0,MyAlgo3,60,1,1,1
time_limit,15,1,MyAlgo1,55,1,1,1
time_limit,15,1,MyAlgo3,60,1,1,1
time_limit,15,2,MyAlgo1,50,1,1,1
time_limit,15,2,MyAlgo3,60,1,1,1
time_limit,15,3,MyAlgo1,58,1,1,1
time_limit,15,3,MyAlgo3,60,1,1,1
time_limit,15,4,MyAlgo1,60,1,1,1
time_limit,15,4,MyAlgo3,60,1,1,1
time_limit,17,0,MyAlgo1,56,1,1,1
time_limit,17,0,MyAlgo3,60,1,1,1
time_limit,17,1,MyAlgo1,54,1,1,1
time_limit,17,1,MyAlgo3,60,1,1,1
time_limit,17,2,MyAlgo1,49,1,1,1
time_limit,17,2,MyAlgo3,60,1,1,1
time_limit,17,3,MyAlgo1,58,1,1,1
time_limit,17,3,MyAlgo3,60,1,1,1
time_limit,17,4,MyAlgo1,60,1,1,1
time_limit,17,4,MyAlgo3,60,1,1,1
