sweep,parameter_value,algorithm,samples,original_mean_seconds,optimized_mean_seconds,speedup,original_median_seconds,optimized_median_seconds
request_cnt,80,MyAlgo1,15,0.35711323333333339,0.017326500000000002,20.610811954712918,0.38049090000000002,0.017386800000000001
request_cnt,80,MyAlgo3,15,0.47552106000000005,0.021895273333333336,21.717977791858271,0.45842539999999998,0.019284599999999999
request_cnt,100,MyAlgo1,15,0.48395504666666672,0.023786146666666667,20.346088563595281,0.48960609999999999,0.0233008
request_cnt,100,MyAlgo3,15,0.72802725999999995,0.029889013333333332,24.357687953120788,0.74708419999999998,0.031620599999999999
request_cnt,120,MyAlgo1,15,0.64194643333333334,0.027351706666666666,23.470068656288603,0.63465450000000001,0.025667300000000001
request_cnt,120,MyAlgo3,15,1.1068513200000003,0.036237933333333333,30.543996806293229,1.0363184000000001,0.037898099999999997
request_cnt,140,MyAlgo1,15,0.81180356666666675,0.032321306666666674,25.11666916931576,0.81223809999999996,0.031242499999999999
request_cnt,140,MyAlgo3,15,1.3758215799999998,0.04398323333333333,31.280592074100962,1.3816139000000001,0.039658600000000002
request_cnt,160,MyAlgo1,15,0.95554639333333347,0.036882006666666661,25.908199680386161,0.98538950000000003,0.033562799999999997
request_cnt,160,MyAlgo3,15,1.8129596600000002,0.050259293333333337,36.072127954047374,1.9204941,0.045717500000000001
fidelity_threshold,0.69999999999999996,MyAlgo1,15,0.48528838666666668,0.024846166666666662,19.531720654426913,0.48606559999999999,0.0241316
fidelity_threshold,0.69999999999999996,MyAlgo3,15,0.83733554666666676,0.033311073333333344,25.136852790293354,0.83663889999999996,0.0298666
fidelity_threshold,0.75,MyAlgo1,15,0.49338631999999993,0.025563153333333331,19.300683040407378,0.48873240000000001,0.025071099999999999
fidelity_threshold,0.75,MyAlgo3,15,0.82957615333333323,0.032985266666666666,25.149899854278374,0.81252290000000005,0.028924999999999999
fidelity_threshold,0.80000000000000004,MyAlgo1,15,0.48710812666666659,0.024345080000000005,20.008483302033365,0.49409750000000002,0.022659700000000001
fidelity_threshold,0.80000000000000004,MyAlgo3,15,0.75689618666666669,0.028888900000000006,26.200242538368251,0.7507376,0.027505100000000001
fidelity_threshold,0.84999999999999998,MyAlgo1,15,0.50360334666666662,0.022236033333333335,22.648074821498433,0.50124880000000005,0.0211661
fidelity_threshold,0.84999999999999998,MyAlgo3,15,0.2430710733333333,0.010839839999999998,22.42386172981643,0.23574919999999999,0.0112687
fidelity_threshold,0.90000000000000002,MyAlgo1,15,0.51622812666666673,0.024599799999999998,20.985053808025544,0.51587249999999996,0.0257989
fidelity_threshold,0.90000000000000002,MyAlgo3,15,0.038147946666666668,0.0030768599999999998,12.398336832571736,0.0181085,0.0025384000000000001
time_limit,7,MyAlgo1,15,0.3334437733333333,0.016919466666666664,19.707700006304378,0.31666949999999999,0.016698000000000001
time_limit,7,MyAlgo3,15,0.51120929999999998,0.021363106666666666,23.929539274250374,0.50661650000000003,0.018613600000000001
time_limit,9,MyAlgo1,15,0.37598070000000011,0.018060139999999999,20.818260545045618,0.37121599999999999,0.0184327
time_limit,9,MyAlgo3,15,0.5556561333333333,0.021590740000000001,25.735854043600789,0.54731320000000006,0.020752
time_limit,11,MyAlgo1,15,0.54200295333333337,0.024766833333333335,21.88422500521531,0.54017979999999999,0.0264373
time_limit,11,MyAlgo3,15,0.83002991333333331,0.030230360000000005,27.45683191775861,0.77611549999999996,0.028440699999999999
time_limit,13,MyAlgo1,15,0.58440163999999994,0.028454153333333333,20.538359836396467,0.56803119999999996,0.025512199999999999
time_limit,13,MyAlgo3,15,0.83890623999999991,0.030612920000000005,27.403666164482178,0.81475500000000001,0.028821200000000002
time_limit,15,MyAlgo1,15,0.65915473333333319,0.031325200000000004,21.042315239274867,0.67410680000000001,0.028301099999999999
time_limit,15,MyAlgo3,15,0.91579079333333335,0.035015626666666667,26.15377420062357,0.95054989999999995,0.030858400000000001
time_limit,17,MyAlgo1,15,0.63908347999999993,0.029125886666666663,21.942112434688685,0.6199325,0.0294314
time_limit,17,MyAlgo3,15,1.0226885400000001,0.038062413333333329,26.868725612423951,0.96352439999999995,0.031332199999999998
