sweep,parameter_value,original_zfa_seconds,shared_epsilon_zfa_seconds,wpfa_seconds,zfa_speedup,zfa_over_wpfa
request_cnt,80.000000000,0.701514953,0.077999773,0.029627507,8.993807623004237,2.632680940721742
request_cnt,100.000000000,0.991057633,0.095234367,0.031798693,10.406512525042562,2.9949145079642108
request_cnt,120.000000000,1.314948847,0.116879533,0.034628327,11.250462876164983,3.3752578633094226
request_cnt,140.000000000,1.616856733,0.125929513,0.03820762,12.839378907151021,3.2959266502336444
request_cnt,160.000000000,2.018349193,0.15799434,0.040295067,12.774819610626558,3.920935036539337
fidelity_threshold,0.700000000,1.903687393,0.135189133,0.159045873,14.08165989939443,0.8500008862223039
fidelity_threshold,0.750000000,1.632768527,0.120098053,0.085642807,13.595295562368527,1.4023133664920626
fidelity_threshold,0.800000000,0.983637367,0.089003353,0.03031922,11.051688884125523,2.9355423061675068
fidelity_threshold,0.850000000,0.194664173,0.0240726,0.008876027,8.086545408472704,2.712091795124102
fidelity_threshold,0.900000000,0.00986562,0.00257624,0.003276447,3.8294646461509796,0.7862907594720745
time_limit,7.000000000,0.478457487,0.035731447,0.005294593,13.39037534640005,6.74866736687787
time_limit,9.000000000,0.663006487,0.051447193,0.013063433,12.887126553240718,3.938259797405476
time_limit,11.000000000,0.814500267,0.074585493,0.02111162,10.92035775643395,3.532911875071643
time_limit,13.000000000,1.006577347,0.08991188,0.030235,11.19515404415968,2.9737681494956174
time_limit,15.000000000,1.14673886,0.104729593,0.040272547,10.949520829322806,2.600520721969733
time_limit,17.000000000,1.3271093,0.123983587,0.051449493,10.703911155595135,2.4098116379883474
