sweep,parameter_value,algorithm,epsilon,bucket_eps,threads,samples,mean_seconds,median_seconds,stddev_seconds,min_seconds,max_seconds
request_cnt,80.000000000,ZFA,0.900000000,0.000100000,1,15,0.107457893,0.103476300,0.014521889,0.087836400,0.133432100
request_cnt,80.000000000,ZFA2,0.900000000,0.000100000,1,15,1.266243753,1.141848800,0.282854087,1.027068500,1.841853900
request_cnt,100.000000000,ZFA,0.900000000,0.000100000,1,15,0.139346493,0.145286700,0.018577913,0.116121500,0.167751800
request_cnt,100.000000000,ZFA2,0.900000000,0.000100000,1,15,1.519007640,1.445791000,0.289306555,1.193873300,2.013582900
request_cnt,120.000000000,ZFA,0.900000000,0.000100000,1,15,0.167924160,0.169767400,0.025036460,0.138579600,0.199159900
request_cnt,120.000000000,ZFA2,0.900000000,0.000100000,1,15,1.863783267,1.739055200,0.338915429,1.474338900,2.424259700
request_cnt,140.000000000,ZFA,0.900000000,0.000100000,1,15,0.200279400,0.198644800,0.023798106,0.159595100,0.233772400
request_cnt,140.000000000,ZFA2,0.900000000,0.000100000,1,15,2.101508820,2.007929500,0.378985060,1.638181100,2.705511700
request_cnt,160.000000000,ZFA,0.900000000,0.000100000,1,15,0.233452993,0.239914000,0.050061435,0.176215600,0.321043700
request_cnt,160.000000000,ZFA2,0.900000000,0.000100000,1,15,2.478128780,2.445580400,0.536229819,1.794309400,3.197004700
fidelity_threshold,0.700000000,ZFA,0.900000000,0.000100000,1,15,0.509258547,0.477524000,0.082151808,0.409231000,0.638033500
fidelity_threshold,0.700000000,ZFA2,0.900000000,0.000100000,1,15,11.293351907,9.247245300,6.600911201,6.470391000,24.789855500
fidelity_threshold,0.750000000,ZFA,0.900000000,0.000100000,1,15,0.316834787,0.320506300,0.067321813,0.242492300,0.452214100
fidelity_threshold,0.750000000,ZFA2,0.900000000,0.000100000,1,15,5.294203580,4.704743800,1.884420773,3.566815300,9.853495600
fidelity_threshold,0.800000000,ZFA,0.900000000,0.000100000,1,15,0.190332553,0.191692300,0.027162020,0.151652200,0.254190300
fidelity_threshold,0.800000000,ZFA2,0.900000000,0.000100000,1,15,2.103241240,1.962016100,0.372456973,1.642337900,2.811762100
fidelity_threshold,0.850000000,ZFA,0.900000000,0.000100000,1,15,0.044573180,0.043545800,0.008642203,0.030572100,0.060971000
fidelity_threshold,0.850000000,ZFA2,0.900000000,0.000100000,1,15,0.412043633,0.378155000,0.085136750,0.296137300,0.558044100
fidelity_threshold,0.900000000,ZFA,0.900000000,0.000100000,1,15,0.004095640,0.001591700,0.005038445,0.001167500,0.014623800
fidelity_threshold,0.900000000,ZFA2,0.900000000,0.000100000,1,15,0.055400720,0.050811200,0.027828928,0.009927000,0.099831700
time_limit,7.000000000,ZFA,0.900000000,0.000100000,1,15,0.065384187,0.061292600,0.011269923,0.049316200,0.083411100
time_limit,7.000000000,ZFA2,0.900000000,0.000100000,1,15,0.278050127,0.270178400,0.045865808,0.200188600,0.357423400
time_limit,9.000000000,ZFA,0.900000000,0.000100000,1,15,0.105056547,0.108501700,0.008989286,0.088436500,0.115403100
time_limit,9.000000000,ZFA2,0.900000000,0.000100000,1,15,0.737998720,0.705443600,0.132488663,0.561429500,0.969260400
time_limit,11.000000000,ZFA,0.900000000,0.000100000,1,15,0.145429913,0.144858900,0.017915030,0.117636900,0.178658300
time_limit,11.000000000,ZFA2,0.900000000,0.000100000,1,15,1.350102733,1.293285200,0.248174069,1.044182600,1.792914700
time_limit,13.000000000,ZFA,0.900000000,0.000100000,1,15,0.207965667,0.201032100,0.034948267,0.155842700,0.291705300
time_limit,13.000000000,ZFA2,0.900000000,0.000100000,1,15,2.090951247,1.944953800,0.328175012,1.658137100,2.758342400
time_limit,15.000000000,ZFA,0.900000000,0.000100000,1,15,0.235524633,0.233942400,0.033204532,0.183459800,0.303391600
time_limit,15.000000000,ZFA2,0.900000000,0.000100000,1,15,2.797587800,2.563217100,0.501289706,2.214427000,3.727929700
time_limit,17.000000000,ZFA,0.900000000,0.000100000,1,15,0.268714353,0.278614900,0.035009668,0.216888900,0.319750900
time_limit,17.000000000,ZFA2,0.900000000,0.000100000,1,15,3.635905640,3.476889500,0.768449791,2.836099200,5.005293600
