sweep,parameter_value,request_count,fidelity_threshold,time_limit,instance,repetition,algorithm,epsilon,bucket_eps,threads,run_seconds,fidelity_gain,succ_request_cnt,actual_req_cnt,purification_rounds,oracle_calls,dual_updates,dp_paths,oracle_seconds,dp_seconds,peak_candidates,peak_labels
request_cnt,80.000000000,80,0.800000000,13,0,0,ZFA,0.900000000,0.000100000,1,0.104408200,32.596692700,41.919061205,48.000000000,0,260,260,4790,0.100881000,0.084048200,25,25
request_cnt,80.000000000,80,0.800000000,13,0,1,ZFA,0.900000000,0.000100000,1,0.102869400,32.596692700,41.919061205,48.000000000,0,260,260,4790,0.099733400,0.083299200,25,25
request_cnt,80.000000000,80,0.800000000,13,0,2,ZFA,0.900000000,0.000100000,1,0.107729200,32.596692700,41.919061205,48.000000000,0,260,260,4790,0.104627400,0.086996100,25,25
request_cnt,80.000000000,80,0.800000000,13,0,0,ZFA2,0.900000000,0.000100000,1,1.240817200,42.066856841,54.659279727,72.000000000,3,322,322,5759,1.234670900,0.997058600,680,679
request_cnt,80.000000000,80,0.800000000,13,0,1,ZFA2,0.900000000,0.000100000,1,1.239597000,42.066856841,54.659279727,72.000000000,3,322,322,5759,1.234624400,1.001207400,680,679
request_cnt,80.000000000,80,0.800000000,13,0,2,ZFA2,0.900000000,0.000100000,1,1.220263500,42.066856841,54.659279727,72.000000000,3,322,322,5759,1.215024600,0.991450100,680,679
request_cnt,80.000000000,80,0.800000000,13,1,0,ZFA,0.900000000,0.000100000,1,0.087836400,31.826696292,41.626581444,48.000000000,0,258,258,4180,0.084885400,0.069968500,12,12
request_cnt,80.000000000,80,0.800000000,13,1,1,ZFA,0.900000000,0.000100000,1,0.088796300,31.826696292,41.626581444,48.000000000,0,258,258,4180,0.085485800,0.070432400,12,12
request_cnt,80.000000000,80,0.800000000,13,1,2,ZFA,0.900000000,0.000100000,1,0.088169900,31.826696292,41.626581444,48.000000000,0,258,258,4180,0.085191000,0.070259000,12,12
request_cnt,80.000000000,80,0.800000000,13,1,0,ZFA2,0.900000000,0.000100000,1,1.077668100,42.205533755,55.637310322,75.000000000,3,316,316,5296,1.072851900,0.869845200,451,447
request_cnt,80.000000000,80,0.800000000,13,1,1,ZFA2,0.900000000,0.000100000,1,1.133445600,42.205533755,55.637310322,75.000000000,3,316,316,5296,1.128402500,0.912824100,451,447
request_cnt,80.000000000,80,0.800000000,13,1,2,ZFA2,0.900000000,0.000100000,1,1.148266700,42.205533755,55.637310322,75.000000000,3,316,316,5296,1.143092900,0.925693900,451,447
request_cnt,80.000000000,80,0.800000000,13,2,0,ZFA,0.900000000,0.000100000,1,0.097648200,31.779118519,41.011556953,48.000000000,0,261,261,4071,0.094189000,0.075742800,23,22
request_cnt,80.000000000,80,0.800000000,13,2,1,ZFA,0.900000000,0.000100000,1,0.133432100,31.779118519,41.011556953,48.000000000,0,261,261,4071,0.128119600,0.097827600,23,22
request_cnt,80.000000000,80,0.800000000,13,2,2,ZFA,0.900000000,0.000100000,1,0.113147500,31.779118519,41.011556953,48.000000000,0,261,261,4071,0.109377900,0.086637100,23,22
request_cnt,80.000000000,80,0.800000000,13,2,0,ZFA2,0.900000000,0.000100000,1,1.052587200,43.721930635,57.158312438,74.000000000,3,327,327,4819,1.046198700,0.848160800,670,668
request_cnt,80.000000000,80,0.800000000,13,2,1,ZFA2,0.900000000,0.000100000,1,1.031252600,43.721930635,57.158312438,74.000000000,3,327,327,4819,1.025513700,0.832101300,670,668
request_cnt,80.000000000,80,0.800000000,13,2,2,ZFA2,0.900000000,0.000100000,1,1.027068500,43.721930635,57.158312438,74.000000000,3,327,327,4819,1.022013700,0.831943800,670,668
request_cnt,80.000000000,80,0.800000000,13,3,0,ZFA,0.900000000,0.000100000,1,0.128496300,32.714181731,42.017839793,48.000000000,0,260,260,4961,0.125216800,0.104737900,47,47
request_cnt,80.000000000,80,0.800000000,13,3,1,ZFA,0.900000000,0.000100000,1,0.126344700,32.714181731,42.017839793,48.000000000,0,260,260,4961,0.123266800,0.103499800,47,47
request_cnt,80.000000000,80,0.800000000,13,3,2,ZFA,0.900000000,0.000100000,1,0.125989100,32.714181731,42.017839793,48.000000000,0,260,260,4961,0.122860800,0.102744600,47,47
request_cnt,80.000000000,80,0.800000000,13,3,0,ZFA2,0.900000000,0.000100000,1,1.841447300,45.959118453,59.966244399,76.000000000,3,312,312,5468,1.834555400,1.546528800,1089,1077
request_cnt,80.000000000,80,0.800000000,13,3,1,ZFA2,0.900000000,0.000100000,1,1.841853900,45.959118453,59.966244399,76.000000000,3,312,312,5468,1.835051200,1.537604700,1089,1077
request_cnt,80.000000000,80,0.800000000,13,3,2,ZFA2,0.900000000,0.000100000,1,1.764954200,45.959118453,59.966244399,76.000000000,3,312,312,5468,1.759756500,1.487825700,1089,1077
request_cnt,80.000000000,80,0.800000000,13,4,0,ZFA,0.900000000,0.000100000,1,0.102411500,32.271297797,42.161436024,48.000000000,0,257,257,4838,0.099540500,0.083124200,18,18
request_cnt,80.000000000,80,0.800000000,13,4,1,ZFA,0.900000000,0.000100000,1,0.101113300,32.271297797,42.161436024,48.000000000,0,257,257,4838,0.098194700,0.081602900,18,18
request_cnt,80.000000000,80,0.800000000,13,4,2,ZFA,0.900000000,0.000100000,1,0.103476300,32.271297797,42.161436024,48.000000000,0,257,257,4838,0.100448700,0.083096200,18,18
request_cnt,80.000000000,80,0.800000000,13,4,0,ZFA2,0.900000000,0.000100000,1,1.141848800,44.006820449,57.913314242,76.000000000,3,316,316,5388,1.135111000,0.928949800,575,572
request_cnt,80.000000000,80,0.800000000,13,4,1,ZFA2,0.900000000,0.000100000,1,1.123125700,44.006820449,57.913314242,76.000000000,3,316,316,5388,1.116234300,0.913372600,575,572
request_cnt,80.000000000,80,0.800000000,13,4,2,ZFA2,0.900000000,0.000100000,1,1.109460000,44.006820449,57.913314242,76.000000000,3,316,316,5388,1.103480700,0.904337100,575,572
request_cnt,100.000000000,100,0.800000000,13,0,0,ZFA,0.900000000,0.000100000,1,0.167751800,40.403580689,52.175352544,60.000000000,0,305,305,7128,0.163382200,0.134219600,25,25
request_cnt,100.000000000,100,0.800000000,13,0,1,ZFA,0.900000000,0.000100000,1,0.151920900,40.403580689,52.175352544,60.000000000,0,305,305,7128,0.147945200,0.124028600,25,25
request_cnt,100.000000000,100,0.800000000,13,0,2,ZFA,0.900000000,0.000100000,1,0.148868700,40.403580689,52.175352544,60.000000000,0,305,305,7128,0.144313800,0.120956700,25,25
request_cnt,100.000000000,100,0.800000000,13,0,0,ZFA2,0.900000000,0.000100000,1,1.663636300,53.006229036,69.189299848,89.000000000,3,362,362,8021,1.656898400,1.348472200,680,679
request_cnt,100.000000000,100,0.800000000,13,0,1,ZFA2,0.900000000,0.000100000,1,1.678639300,53.006229036,69.189299848,89.000000000,3,362,362,8021,1.672499900,1.359020100,680,679
request_cnt,100.000000000,100,0.800000000,13,0,2,ZFA2,0.900000000,0.000100000,1,1.742543500,53.006229036,69.189299848,89.000000000,3,362,362,8021,1.735736700,1.408633100,680,679
request_cnt,100.000000000,100,0.800000000,13,1,0,ZFA,0.900000000,0.000100000,1,0.118136800,39.761713748,52.050624580,60.000000000,0,301,301,5094,0.114437500,0.094206700,12,12
request_cnt,100.000000000,100,0.800000000,13,1,1,ZFA,0.900000000,0.000100000,1,0.117572700,39.761713748,52.050624580,60.000000000,0,301,301,5094,0.113808000,0.093714400,12,12
request_cnt,100.000000000,100,0.800000000,13,1,2,ZFA,0.900000000,0.000100000,1,0.116263600,39.761713748,52.050624580,60.000000000,0,301,301,5094,0.112820800,0.092331000,12,12
request_cnt,100.000000000,100,0.800000000,13,1,0,ZFA2,0.900000000,0.000100000,1,1.215339900,50.739852218,66.849589671,88.000000000,3,351,351,5747,1.209453100,0.981530400,451,447
request_cnt,100.000000000,100,0.800000000,13,1,1,ZFA2,0.900000000,0.000100000,1,1.215349800,50.739852218,66.849589671,88.000000000,3,351,351,5747,1.209685800,0.982255600,451,447
request_cnt,100.000000000,100,0.800000000,13,1,2,ZFA2,0.900000000,0.000100000,1,1.193873300,50.739852218,66.849589671,88.000000000,3,351,351,5747,1.187811700,0.963819800,451,447
request_cnt,100.000000000,100,0.800000000,13,2,0,ZFA,0.900000000,0.000100000,1,0.119423800,39.386314140,50.928006801,60.000000000,0,306,306,5390,0.115957700,0.094948000,23,22
request_cnt,100.000000000,100,0.800000000,13,2,1,ZFA,0.900000000,0.000100000,1,0.116121500,39.386314140,50.928006801,60.000000000,0,306,306,5390,0.112544200,0.092637600,23,22
request_cnt,100.000000000,100,0.800000000,13,2,2,ZFA,0.900000000,0.000100000,1,0.119124500,39.386314140,50.928006801,60.000000000,0,306,306,5390,0.115526300,0.094455100,23,22
request_cnt,100.000000000,100,0.800000000,13,2,0,ZFA2,0.900000000,0.000100000,1,1.237829400,52.225090543,68.271772418,87.000000000,3,363,363,5876,1.232091200,0.996720100,670,668
request_cnt,100.000000000,100,0.800000000,13,2,1,ZFA2,0.900000000,0.000100000,1,1.262602900,52.225090543,68.271772418,87.000000000,3,363,363,5876,1.256709200,1.013684600,670,668
request_cnt,100.000000000,100,0.800000000,13,2,2,ZFA2,0.900000000,0.000100000,1,1.272824100,52.225090543,68.271772418,87.000000000,3,363,363,5876,1.267285500,1.020852500,670,668
request_cnt,100.000000000,100,0.800000000,13,3,0,ZFA,0.900000000,0.000100000,1,0.157215400,40.677914365,52.367540199,60.000000000,0,305,305,6733,0.153280800,0.129261600,47,47
request_cnt,100.000000000,100,0.800000000,13,3,1,ZFA,0.900000000,0.000100000,1,0.156024900,40.677914365,52.367540199,60.000000000,0,305,305,6733,0.151849300,0.128192000,47,47
request_cnt,100.000000000,100,0.800000000,13,3,2,ZFA,0.900000000,0.000100000,1,0.163421200,40.677914365,52.367540199,60.000000000,0,305,305,6733,0.159156800,0.133808000,47,47
request_cnt,100.000000000,100,0.800000000,13,3,0,ZFA2,0.900000000,0.000100000,1,1.949765100,55.046849926,71.820220959,90.000000000,3,348,348,6800,1.942769000,1.631679900,1089,1077
request_cnt,100.000000000,100,0.800000000,13,3,1,ZFA2,0.900000000,0.000100000,1,1.986644400,55.046849926,71.820220959,90.000000000,3,348,348,6800,1.980328100,1.664010000,1089,1077
request_cnt,100.000000000,100,0.800000000,13,3,2,ZFA2,0.900000000,0.000100000,1,2.013582900,55.046849926,71.820220959,90.000000000,3,348,348,6800,2.006837400,1.683156700,1089,1077
request_cnt,100.000000000,100,0.800000000,13,4,0,ZFA,0.900000000,0.000100000,1,0.147910900,40.219740674,52.426020196,60.000000000,0,296,296,6661,0.143822700,0.118916400,18,18
request_cnt,100.000000000,100,0.800000000,13,4,1,ZFA,0.900000000,0.000100000,1,0.145286700,40.219740674,52.426020196,60.000000000,0,296,296,6661,0.140937900,0.116246800,18,18
request_cnt,100.000000000,100,0.800000000,13,4,2,ZFA,0.900000000,0.000100000,1,0.145154000,40.219740674,52.426020196,60.000000000,0,296,296,6661,0.141179500,0.116647700,18,18
request_cnt,100.000000000,100,0.800000000,13,4,0,ZFA2,0.900000000,0.000100000,1,1.472536100,51.967547675,68.351085626,87.000000000,3,345,345,6946,1.466784600,1.196582000,575,572
request_cnt,100.000000000,100,0.800000000,13,4,1,ZFA2,0.900000000,0.000100000,1,1.434156600,51.967547675,68.351085626,87.000000000,3,345,345,6946,1.428538900,1.161928200,575,572
request_cnt,100.000000000,100,0.800000000,13,4,2,ZFA2,0.900000000,0.000100000,1,1.445791000,51.967547675,68.351085626,87.000000000,3,345,345,6946,1.440029700,1.173357100,575,572
request_cnt,120.000000000,120,0.800000000,13,0,0,ZFA,0.900000000,0.000100000,1,0.196431300,48.383219778,62.570652039,72.000000000,0,342,342,8900,0.191885300,0.160068600,25,25
request_cnt,120.000000000,120,0.800000000,13,0,1,ZFA,0.900000000,0.000100000,1,0.190004000,48.383219778,62.570652039,72.000000000,0,342,342,8900,0.185441800,0.155226400,25,25
request_cnt,120.000000000,120,0.800000000,13,0,2,ZFA,0.900000000,0.000100000,1,0.190821800,48.383219778,62.570652039,72.000000000,0,342,342,8900,0.186412900,0.156210200,25,25
request_cnt,120.000000000,120,0.800000000,13,0,0,ZFA2,0.900000000,0.000100000,1,2.089867700,61.755941540,80.557447794,102.000000000,3,396,396,9846,2.082465000,1.687506600,680,679
request_cnt,120.000000000,120,0.800000000,13,0,1,ZFA2,0.900000000,0.000100000,1,2.094403900,61.755941540,80.557447794,102.000000000,3,396,396,9846,2.086819100,1.689500200,680,679
request_cnt,120.000000000,120,0.800000000,13,0,2,ZFA2,0.900000000,0.000100000,1,2.144498900,61.755941540,80.557447794,102.000000000,3,396,396,9846,2.136669800,1.726829100,680,679
request_cnt,120.000000000,120,0.800000000,13,1,0,ZFA,0.900000000,0.000100000,1,0.139927700,47.525661550,62.257748253,72.000000000,0,336,336,6007,0.135044600,0.111328000,21,21
request_cnt,120.000000000,120,0.800000000,13,1,1,ZFA,0.900000000,0.000100000,1,0.139887100,47.525661550,62.257748253,72.000000000,0,336,336,6007,0.134921700,0.111066800,21,21
request_cnt,120.000000000,120,0.800000000,13,1,2,ZFA,0.900000000,0.000100000,1,0.139523200,47.525661550,62.257748253,72.000000000,0,336,336,6007,0.135162900,0.111242400,21,21
request_cnt,120.000000000,120,0.800000000,13,1,0,ZFA2,0.900000000,0.000100000,1,1.474338900,57.779661113,76.052331147,97.000000000,3,380,380,6796,1.466978300,1.183427400,615,613
request_cnt,120.000000000,120,0.800000000,13,1,1,ZFA2,0.900000000,0.000100000,1,1.506660400,57.779661113,76.052331147,97.000000000,3,380,380,6796,1.500397300,1.211638800,615,613
request_cnt,120.000000000,120,0.800000000,13,1,2,ZFA2,0.900000000,0.000100000,1,1.508066800,57.779661113,76.052331147,97.000000000,3,380,380,6796,1.501654100,1.215171600,615,613
request_cnt,120.000000000,120,0.800000000,13,2,0,ZFA,0.900000000,0.000100000,1,0.138579600,46.964101235,60.787554484,72.000000000,0,345,345,6451,0.134740700,0.110603100,23,22
request_cnt,120.000000000,120,0.800000000,13,2,1,ZFA,0.900000000,0.000100000,1,0.138827000,46.964101235,60.787554484,72.000000000,0,345,345,6451,0.134625000,0.110596000,23,22
request_cnt,120.000000000,120,0.800000000,13,2,2,ZFA,0.900000000,0.000100000,1,0.140929800,46.964101235,60.787554484,72.000000000,0,345,345,6451,0.136336600,0.112073700,23,22
request_cnt,120.000000000,120,0.800000000,13,2,0,ZFA2,0.900000000,0.000100000,1,1.648065800,60.229646307,78.749167441,99.000000000,3,397,397,7089,1.640870900,1.314343300,670,668
request_cnt,120.000000000,120,0.800000000,13,2,1,ZFA2,0.900000000,0.000100000,1,1.605078000,60.229646307,78.749167441,99.000000000,3,397,397,7089,1.597894300,1.281145600,670,668
request_cnt,120.000000000,120,0.800000000,13,2,2,ZFA2,0.900000000,0.000100000,1,1.509954800,60.229646307,78.749167441,99.000000000,3,397,397,7089,1.502880000,1.213213400,670,668
request_cnt,120.000000000,120,0.800000000,13,3,0,ZFA,0.900000000,0.000100000,1,0.196762000,48.726943357,62.857220193,72.000000000,0,345,345,8554,0.192395600,0.161499700,47,47
request_cnt,120.000000000,120,0.800000000,13,3,1,ZFA,0.900000000,0.000100000,1,0.198699700,48.726943357,62.857220193,72.000000000,0,345,345,8554,0.194279800,0.162417400,47,47
request_cnt,120.000000000,120,0.800000000,13,3,2,ZFA,0.900000000,0.000100000,1,0.199159900,48.726943357,62.857220193,72.000000000,0,345,345,8554,0.194307300,0.162226200,47,47
request_cnt,120.000000000,120,0.800000000,13,3,0,ZFA2,0.900000000,0.000100000,1,2.404583500,64.764966708,84.509523727,105.000000000,3,381,381,8660,2.397064900,2.000719700,1089,1077
request_cnt,120.000000000,120,0.800000000,13,3,1,ZFA2,0.900000000,0.000100000,1,2.424259700,64.764966708,84.509523727,105.000000000,3,381,381,8660,2.417395100,2.013933100,1089,1077
request_cnt,120.000000000,120,0.800000000,13,3,2,ZFA2,0.900000000,0.000100000,1,2.350262700,64.764966708,84.509523727,105.000000000,3,381,381,8660,2.343180700,1.954459100,1089,1077
request_cnt,120.000000000,120,0.800000000,13,4,0,ZFA,0.900000000,0.000100000,1,0.169767400,48.230081982,62.834848351,72.000000000,0,334,334,7751,0.165149100,0.137215500,28,28
request_cnt,120.000000000,120,0.800000000,13,4,1,ZFA,0.900000000,0.000100000,1,0.170161300,48.230081982,62.834848351,72.000000000,0,334,334,7751,0.166037000,0.137545900,28,28
request_cnt,120.000000000,120,0.800000000,13,4,2,ZFA,0.900000000,0.000100000,1,0.169380600,48.230081982,62.834848351,72.000000000,0,334,334,7751,0.165373300,0.137203300,28,28
request_cnt,120.000000000,120,0.800000000,13,4,0,ZFA2,0.900000000,0.000100000,1,1.739055200,59.960074787,78.664345084,98.000000000,3,379,379,7700,1.732652800,1.408047100,771,766
request_cnt,120.000000000,120,0.800000000,13,4,1,ZFA2,0.900000000,0.000100000,1,1.739171000,59.960074787,78.664345084,98.000000000,3,379,379,7700,1.732406700,1.409393300,771,766
request_cnt,120.000000000,120,0.800000000,13,4,2,ZFA2,0.900000000,0.000100000,1,1.718481700,59.960074787,78.664345084,98.000000000,3,379,379,7700,1.712186700,1.387804000,771,766
request_cnt,140.000000000,140,0.800000000,13,0,0,ZFA,0.900000000,0.000100000,1,0.232339400,56.368564001,72.893425760,84.000000000,0,375,375,10465,0.226985500,0.190910300,25,25
request_cnt,140.000000000,140,0.800000000,13,0,1,ZFA,0.900000000,0.000100000,1,0.232339100,56.368564001,72.893425760,84.000000000,0,375,375,10465,0.227453200,0.191496100,25,25
request_cnt,140.000000000,140,0.800000000,13,0,2,ZFA,0.900000000,0.000100000,1,0.233772400,56.368564001,72.893425760,84.000000000,0,375,375,10465,0.228247500,0.192403100,25,25
request_cnt,140.000000000,140,0.800000000,13,0,0,ZFA2,0.900000000,0.000100000,1,2.451134500,70.503157363,91.892226574,114.000000000,3,427,427,11850,2.443793700,1.979671600,680,679
request_cnt,140.000000000,140,0.800000000,13,0,1,ZFA2,0.900000000,0.000100000,1,2.480585500,70.503157363,91.892226574,114.000000000,3,427,427,11850,2.472844100,2.006503900,680,679
request_cnt,140.000000000,140,0.800000000,13,0,2,ZFA2,0.900000000,0.000100000,1,2.428914200,70.503157363,91.892226574,114.000000000,3,427,427,11850,2.421007400,1.963481400,680,679
request_cnt,140.000000000,140,0.800000000,13,1,0,ZFA,0.900000000,0.000100000,1,0.173684100,55.352275315,72.562684679,84.000000000,0,364,364,6936,0.167856800,0.136042800,21,21
request_cnt,140.000000000,140,0.800000000,13,1,1,ZFA,0.900000000,0.000100000,1,0.166212000,55.352275315,72.562684679,84.000000000,0,364,364,6936,0.161503000,0.132143900,21,21
request_cnt,140.000000000,140,0.800000000,13,1,2,ZFA,0.900000000,0.000100000,1,0.159595100,55.352275315,72.562684679,84.000000000,0,364,364,6936,0.154906100,0.127705300,21,21
request_cnt,140.000000000,140,0.800000000,13,1,0,ZFA2,0.900000000,0.000100000,1,1.638181100,66.222047154,87.179697945,110.000000000,3,411,411,7666,1.631324900,1.319467900,615,613
request_cnt,140.000000000,140,0.800000000,13,1,1,ZFA2,0.900000000,0.000100000,1,1.668822600,66.222047154,87.179697945,110.000000000,3,411,411,7666,1.660929400,1.342093000,615,613
request_cnt,140.000000000,140,0.800000000,13,1,2,ZFA2,0.900000000,0.000100000,1,1.712460600,66.222047154,87.179697945,110.000000000,3,411,411,7666,1.702687800,1.372360600,615,613
request_cnt,140.000000000,140,0.800000000,13,2,0,ZFA,0.900000000,0.000100000,1,0.175105000,54.717072062,70.965697772,84.000000000,0,379,379,7303,0.169510200,0.135580900,23,22
request_cnt,140.000000000,140,0.800000000,13,2,1,ZFA,0.900000000,0.000100000,1,0.204344800,54.717072062,70.965697772,84.000000000,0,379,379,7303,0.198231600,0.158801300,23,22
request_cnt,140.000000000,140,0.800000000,13,2,2,ZFA,0.900000000,0.000100000,1,0.193086400,54.717072062,70.965697772,84.000000000,0,379,379,7303,0.187829900,0.148092200,23,22
request_cnt,140.000000000,140,0.800000000,13,2,0,ZFA2,0.900000000,0.000100000,1,1.711780700,68.898749290,90.164050347,113.000000000,3,434,434,8129,1.704419600,1.374028300,670,668
request_cnt,140.000000000,140,0.800000000,13,2,1,ZFA2,0.900000000,0.000100000,1,1.819623600,68.898749290,90.164050347,113.000000000,3,434,434,8129,1.810223400,1.452811900,670,668
request_cnt,140.000000000,140,0.800000000,13,2,2,ZFA2,0.900000000,0.000100000,1,1.741009800,68.898749290,90.164050347,113.000000000,3,434,434,8129,1.731714900,1.394502800,670,668
request_cnt,140.000000000,140,0.800000000,13,3,0,ZFA,0.900000000,0.000100000,1,0.219130400,56.759246366,73.253558902,84.000000000,0,379,379,9289,0.214110500,0.177636300,47,47
request_cnt,140.000000000,140,0.800000000,13,3,1,ZFA,0.900000000,0.000100000,1,0.217207200,56.759246366,73.253558902,84.000000000,0,379,379,9289,0.211679800,0.175644600,47,47
request_cnt,140.000000000,140,0.800000000,13,3,2,ZFA,0.900000000,0.000100000,1,0.216827800,56.759246366,73.253558902,84.000000000,0,379,379,9289,0.211342000,0.175928300,47,47
request_cnt,140.000000000,140,0.800000000,13,3,0,ZFA2,0.900000000,0.000100000,1,2.606878200,72.800550311,94.956425616,117.000000000,3,413,413,9794,2.599196100,2.159621000,1089,1077
request_cnt,140.000000000,140,0.800000000,13,3,1,ZFA2,0.900000000,0.000100000,1,2.563550600,72.800550311,94.956425616,117.000000000,3,413,413,9794,2.555186700,2.125936500,1089,1077
request_cnt,140.000000000,140,0.800000000,13,3,2,ZFA2,0.900000000,0.000100000,1,2.705511700,72.800550311,94.956425616,117.000000000,3,413,413,9794,2.697788200,2.234309400,1089,1077
request_cnt,140.000000000,140,0.800000000,13,4,0,ZFA,0.900000000,0.000100000,1,0.190626600,56.116495066,73.015903105,84.000000000,0,362,362,8574,0.184897500,0.152050400,28,28
request_cnt,140.000000000,140,0.800000000,13,4,1,ZFA,0.900000000,0.000100000,1,0.191275900,56.116495066,73.015903105,84.000000000,0,362,362,8574,0.186523300,0.153359200,28,28
request_cnt,140.000000000,140,0.800000000,13,4,2,ZFA,0.900000000,0.000100000,1,0.198644800,56.116495066,73.015903105,84.000000000,0,362,362,8574,0.193003600,0.157693700,28,28
request_cnt,140.000000000,140,0.800000000,13,4,0,ZFA2,0.900000000,0.000100000,1,2.007929500,68.254244827,89.415296658,110.000000000,3,414,414,8695,2.000777300,1.628631700,771,766
request_cnt,140.000000000,140,0.800000000,13,4,1,ZFA2,0.900000000,0.000100000,1,2.013209200,68.254244827,89.415296658,110.000000000,3,414,414,8695,2.006256100,1.631667300,771,766
request_cnt,140.000000000,140,0.800000000,13,4,2,ZFA2,0.900000000,0.000100000,1,1.973040500,68.254244827,89.415296658,110.000000000,3,414,414,8695,1.965866100,1.601893600,771,766
request_cnt,160.000000000,160,0.800000000,13,0,0,ZFA,0.900000000,0.000100000,1,0.321043700,64.377453302,83.294446587,96.000000000,0,405,405,13467,0.313687400,0.261737200,25,25
request_cnt,160.000000000,160,0.800000000,13,0,1,ZFA,0.900000000,0.000100000,1,0.318869900,64.377453302,83.294446587,96.000000000,0,405,405,13467,0.312645400,0.262764800,25,25
request_cnt,160.000000000,160,0.800000000,13,0,2,ZFA,0.900000000,0.000100000,1,0.300155200,64.377453302,83.294446587,96.000000000,0,405,405,13467,0.294029100,0.248680400,25,25
request_cnt,160.000000000,160,0.800000000,13,0,0,ZFA2,0.900000000,0.000100000,1,3.166885300,80.731240962,105.257288679,130.000000000,3,460,460,14756,3.158542400,2.561729600,680,679
request_cnt,160.000000000,160,0.800000000,13,0,1,ZFA2,0.900000000,0.000100000,1,3.152259700,80.731240962,105.257288679,130.000000000,3,460,460,14756,3.144201200,2.551685200,680,679
request_cnt,160.000000000,160,0.800000000,13,0,2,ZFA2,0.900000000,0.000100000,1,3.197004700,80.731240962,105.257288679,130.000000000,3,460,460,14756,3.188028200,2.581683400,680,679
request_cnt,160.000000000,160,0.800000000,13,1,0,ZFA,0.900000000,0.000100000,1,0.176215600,63.330144760,82.997663632,96.000000000,0,391,391,7544,0.170534100,0.139647700,21,21
request_cnt,160.000000000,160,0.800000000,13,1,1,ZFA,0.900000000,0.000100000,1,0.180536300,63.330144760,82.997663632,96.000000000,0,391,391,7544,0.175170600,0.143846600,21,21
request_cnt,160.000000000,160,0.800000000,13,1,2,ZFA,0.900000000,0.000100000,1,0.178689700,63.330144760,82.997663632,96.000000000,0,391,391,7544,0.172857600,0.140684500,21,21
request_cnt,160.000000000,160,0.800000000,13,1,0,ZFA2,0.900000000,0.000100000,1,1.794309400,72.935949428,95.988567423,118.000000000,3,436,436,8354,1.786273900,1.442829400,615,613
request_cnt,160.000000000,160,0.800000000,13,1,1,ZFA2,0.900000000,0.000100000,1,1.800435000,72.935949428,95.988567423,118.000000000,3,436,436,8354,1.792645400,1.442761800,615,613
request_cnt,160.000000000,160,0.800000000,13,1,2,ZFA2,0.900000000,0.000100000,1,1.814572800,72.935949428,95.988567423,118.000000000,3,436,436,8354,1.806185600,1.455350100,615,613
request_cnt,160.000000000,160,0.800000000,13,2,0,ZFA,0.900000000,0.000100000,1,0.181626800,62.303669959,80.834746745,96.000000000,0,413,413,8545,0.175773000,0.144027000,23,22
request_cnt,160.000000000,160,0.800000000,13,2,1,ZFA,0.900000000,0.000100000,1,0.186243300,62.303669959,80.834746745,96.000000000,0,413,413,8545,0.179819300,0.146334900,23,22
request_cnt,160.000000000,160,0.800000000,13,2,2,ZFA,0.900000000,0.000100000,1,0.181111600,62.303669959,80.834746745,96.000000000,0,413,413,8545,0.175731900,0.143695500,23,22
request_cnt,160.000000000,160,0.800000000,13,2,0,ZFA2,0.900000000,0.000100000,1,1.961204200,77.516433951,101.420895443,127.000000000,3,464,464,9433,1.952190900,1.575421100,670,668
request_cnt,160.000000000,160,0.800000000,13,2,1,ZFA2,0.900000000,0.000100000,1,1.969068100,77.516433951,101.420895443,127.000000000,3,464,464,9433,1.960179000,1.581761900,670,668
request_cnt,160.000000000,160,0.800000000,13,2,2,ZFA2,0.900000000,0.000100000,1,2.036127800,77.516433951,101.420895443,127.000000000,3,464,464,9433,2.026317300,1.631692800,670,668
request_cnt,160.000000000,160,0.800000000,13,3,0,ZFA,0.900000000,0.000100000,1,0.251920300,64.865358754,83.849035226,96.000000000,0,411,411,11205,0.245914300,0.204845300,47,47
request_cnt,160.000000000,160,0.800000000,13,3,1,ZFA,0.900000000,0.000100000,1,0.258644600,64.865358754,83.849035226,96.000000000,0,411,411,11205,0.252023600,0.210173500,47,47
request_cnt,160.000000000,160,0.800000000,13,3,2,ZFA,0.900000000,0.000100000,1,0.249715300,64.865358754,83.849035226,96.000000000,0,411,411,11205,0.243893200,0.204325100,47,47
request_cnt,160.000000000,160,0.800000000,13,3,0,ZFA2,0.900000000,0.000100000,1,3.014869200,79.412553643,103.616854550,126.000000000,3,442,442,11715,3.005633900,2.485790400,1089,1077
request_cnt,160.000000000,160,0.800000000,13,3,1,ZFA2,0.900000000,0.000100000,1,2.979725800,79.412553643,103.616854550,126.000000000,3,442,442,11715,2.970944800,2.459036000,1089,1077
request_cnt,160.000000000,160,0.800000000,13,3,2,ZFA2,0.900000000,0.000100000,1,2.961497400,79.412553643,103.616854550,126.000000000,3,442,442,11715,2.953591300,2.443736400,1089,1077
request_cnt,160.000000000,160,0.800000000,13,4,0,ZFA,0.900000000,0.000100000,1,0.231094800,64.222047500,83.595257950,96.000000000,0,390,390,10385,0.225918300,0.186882600,28,28
request_cnt,160.000000000,160,0.800000000,13,4,1,ZFA,0.900000000,0.000100000,1,0.246013800,64.222047500,83.595257950,96.000000000,0,390,390,10385,0.239839100,0.195617200,28,28
request_cnt,160.000000000,160,0.800000000,13,4,2,ZFA,0.900000000,0.000100000,1,0.239914000,64.222047500,83.595257950,96.000000000,0,390,390,10385,0.234320100,0.192130100,28,28
request_cnt,160.000000000,160,0.800000000,13,4,0,ZFA2,0.900000000,0.000100000,1,2.414837700,75.684870145,99.110038837,121.000000000,3,444,444,10339,2.406101900,1.951513700,771,766
request_cnt,160.000000000,160,0.800000000,13,4,1,ZFA2,0.900000000,0.000100000,1,2.445580400,75.684870145,99.110038837,121.000000000,3,444,444,10339,2.437853600,1.979272700,771,766
request_cnt,160.000000000,160,0.800000000,13,4,2,ZFA2,0.900000000,0.000100000,1,2.463554200,75.684870145,99.110038837,121.000000000,3,444,444,10339,2.455359800,1.991366500,771,766
fidelity_threshold,0.700000000,100,0.700000000,13,0,0,ZFA,0.900000000,0.000100000,1,0.563001700,60.653575062,81.417341181,100.000000000,0,407,407,9336,0.556965600,0.438204800,123,120
fidelity_threshold,0.700000000,100,0.700000000,13,0,1,ZFA,0.900000000,0.000100000,1,0.567600700,60.653575062,81.417341181,100.000000000,0,407,407,9336,0.561722100,0.442429700,123,120
fidelity_threshold,0.700000000,100,0.700000000,13,0,2,ZFA,0.900000000,0.000100000,1,0.588454400,60.653575062,81.417341181,100.000000000,0,407,407,9336,0.582428900,0.456232300,123,120
fidelity_threshold,0.700000000,100,0.700000000,13,0,0,ZFA2,0.900000000,0.000100000,1,9.442431500,60.653575062,81.417341181,100.000000000,3,407,407,9336,9.435036100,7.481657200,2650,2613
fidelity_threshold,0.700000000,100,0.700000000,13,0,1,ZFA2,0.900000000,0.000100000,1,9.382519800,60.653575062,81.417341181,100.000000000,3,407,407,9336,9.374855000,7.438575300,2650,2613
fidelity_threshold,0.700000000,100,0.700000000,13,0,2,ZFA2,0.900000000,0.000100000,1,9.335379300,60.653575062,81.417341181,100.000000000,3,407,407,9336,9.327162900,7.393472100,2650,2613
fidelity_threshold,0.700000000,100,0.700000000,13,1,0,ZFA,0.900000000,0.000100000,1,0.420519000,58.176272542,79.122387555,97.000000000,0,395,395,6630,0.413630200,0.324426900,88,88
fidelity_threshold,0.700000000,100,0.700000000,13,1,1,ZFA,0.900000000,0.000100000,1,0.477524000,58.176272542,79.122387555,97.000000000,0,395,395,6630,0.467749200,0.361413900,88,88
fidelity_threshold,0.700000000,100,0.700000000,13,1,2,ZFA,0.900000000,0.000100000,1,0.456963800,58.176272542,79.122387555,97.000000000,0,395,395,6630,0.451242000,0.350925800,88,88
fidelity_threshold,0.700000000,100,0.700000000,13,1,0,ZFA2,0.900000000,0.000100000,1,7.076008800,58.176272542,79.122387555,97.000000000,3,395,395,6630,7.068788900,5.671214200,10598,9721
fidelity_threshold,0.700000000,100,0.700000000,13,1,1,ZFA2,0.900000000,0.000100000,1,6.983803100,58.176272542,79.122387555,97.000000000,3,395,395,6630,6.976761800,5.600992200,10598,9721
fidelity_threshold,0.700000000,100,0.700000000,13,1,2,ZFA2,0.900000000,0.000100000,1,6.974260700,58.176272542,79.122387555,97.000000000,3,395,395,6630,6.967510900,5.594856800,10598,9721
fidelity_threshold,0.700000000,100,0.700000000,13,2,0,ZFA,0.900000000,0.000100000,1,0.409231000,61.366349999,83.060873988,100.000000000,0,407,407,6678,0.403221700,0.314730200,118,113
fidelity_threshold,0.700000000,100,0.700000000,13,2,1,ZFA,0.900000000,0.000100000,1,0.423263900,61.366349999,83.060873988,100.000000000,0,407,407,6678,0.416528500,0.323436300,118,113
fidelity_threshold,0.700000000,100,0.700000000,13,2,2,ZFA,0.900000000,0.000100000,1,0.419720100,61.366349999,83.060873988,100.000000000,0,407,407,6678,0.413581300,0.322206200,118,113
fidelity_threshold,0.700000000,100,0.700000000,13,2,0,ZFA2,0.900000000,0.000100000,1,6.470391000,61.366349999,83.060873988,100.000000000,3,407,407,6678,6.463304200,5.136993100,2641,2599
fidelity_threshold,0.700000000,100,0.700000000,13,2,1,ZFA2,0.900000000,0.000100000,1,6.577652400,61.366349999,83.060873988,100.000000000,3,407,407,6678,6.569320500,5.215502000,2641,2599
fidelity_threshold,0.700000000,100,0.700000000,13,2,2,ZFA2,0.900000000,0.000100000,1,6.610166800,61.366349999,83.060873988,100.000000000,3,407,407,6678,6.603218100,5.242386300,2641,2599
fidelity_threshold,0.700000000,100,0.700000000,13,3,0,ZFA,0.900000000,0.000100000,1,0.636033300,62.304502068,83.920501209,100.000000000,0,398,398,7663,0.629783200,0.507999000,183,179
fidelity_threshold,0.700000000,100,0.700000000,13,3,1,ZFA,0.900000000,0.000100000,1,0.638033500,62.304502068,83.920501209,100.000000000,0,398,398,7663,0.631633200,0.509027000,183,179
fidelity_threshold,0.700000000,100,0.700000000,13,3,2,ZFA,0.900000000,0.000100000,1,0.627283000,62.304502068,83.920501209,100.000000000,0,398,398,7663,0.621291600,0.503101000,183,179
fidelity_threshold,0.700000000,100,0.700000000,13,3,0,ZFA2,0.900000000,0.000100000,1,23.744665200,62.304502068,83.920501209,100.000000000,3,398,398,7663,23.736793600,20.047162500,31669,27359
fidelity_threshold,0.700000000,100,0.700000000,13,3,1,ZFA2,0.900000000,0.000100000,1,24.339008600,62.304502068,83.920501209,100.000000000,3,398,398,7663,24.330719100,20.592604600,31669,27359
fidelity_threshold,0.700000000,100,0.700000000,13,3,2,ZFA2,0.900000000,0.000100000,1,24.789855500,62.304502068,83.920501209,100.000000000,3,398,398,7663,24.781369000,20.999001700,31669,27359
fidelity_threshold,0.700000000,100,0.700000000,13,4,0,ZFA,0.900000000,0.000100000,1,0.488686100,61.287882281,83.024224463,100.000000000,0,393,393,7388,0.482531600,0.379427700,106,105
fidelity_threshold,0.700000000,100,0.700000000,13,4,1,ZFA,0.900000000,0.000100000,1,0.464751300,61.287882281,83.024224463,100.000000000,0,393,393,7388,0.459036800,0.363863600,106,105
fidelity_threshold,0.700000000,100,0.700000000,13,4,2,ZFA,0.900000000,0.000100000,1,0.457812400,61.287882281,83.024224463,100.000000000,0,393,393,7388,0.452036600,0.359245000,106,105
fidelity_threshold,0.700000000,100,0.700000000,13,4,0,ZFA2,0.900000000,0.000100000,1,9.247245300,61.287882281,83.024224463,100.000000000,3,393,393,7388,9.239518100,7.514825600,11387,10463
fidelity_threshold,0.700000000,100,0.700000000,13,4,1,ZFA2,0.900000000,0.000100000,1,9.273872500,61.287882281,83.024224463,100.000000000,3,393,393,7388,9.266810500,7.528869000,11387,10463
fidelity_threshold,0.700000000,100,0.700000000,13,4,2,ZFA2,0.900000000,0.000100000,1,9.153018100,61.287882281,83.024224463,100.000000000,3,393,393,7388,9.144932300,7.439169200,11387,10463
fidelity_threshold,0.750000000,100,0.750000000,13,0,0,ZFA,0.900000000,0.000100000,1,0.323206300,57.161127835,76.086006726,92.000000000,0,390,390,8849,0.317328800,0.255499200,62,62
fidelity_threshold,0.750000000,100,0.750000000,13,0,1,ZFA,0.900000000,0.000100000,1,0.315683500,57.161127835,76.086006726,92.000000000,0,390,390,8849,0.309060800,0.249118500,62,62
fidelity_threshold,0.750000000,100,0.750000000,13,0,2,ZFA,0.900000000,0.000100000,1,0.320506300,57.161127835,76.086006726,92.000000000,0,390,390,8849,0.315174700,0.252996200,62,62
fidelity_threshold,0.750000000,100,0.750000000,13,0,0,ZFA2,0.900000000,0.000100000,1,4.704743800,59.614068723,79.679389060,98.000000000,3,402,402,9198,4.696003900,3.751511900,1506,1499
fidelity_threshold,0.750000000,100,0.750000000,13,0,1,ZFA2,0.900000000,0.000100000,1,4.665934500,59.614068723,79.679389060,98.000000000,3,402,402,9198,4.659039600,3.726590200,1506,1499
fidelity_threshold,0.750000000,100,0.750000000,13,0,2,ZFA2,0.900000000,0.000100000,1,4.870439800,59.614068723,79.679389060,98.000000000,3,402,402,9198,4.861163300,3.875307200,1506,1499
fidelity_threshold,0.750000000,100,0.750000000,13,1,0,ZFA,0.900000000,0.000100000,1,0.254171700,54.982913282,73.726572743,90.000000000,0,375,375,6712,0.248805200,0.199504800,39,39
fidelity_threshold,0.750000000,100,0.750000000,13,1,1,ZFA,0.900000000,0.000100000,1,0.255873300,54.982913282,73.726572743,90.000000000,0,375,375,6712,0.250228500,0.200525100,39,39
fidelity_threshold,0.750000000,100,0.750000000,13,1,2,ZFA,0.900000000,0.000100000,1,0.244489500,54.982913282,73.726572743,90.000000000,0,375,375,6712,0.239629700,0.193142800,39,39
fidelity_threshold,0.750000000,100,0.750000000,13,1,0,ZFA2,0.900000000,0.000100000,1,4.030695200,58.321945176,78.730749428,97.000000000,3,387,387,6676,4.020315400,3.161672800,1335,1298
fidelity_threshold,0.750000000,100,0.750000000,13,1,1,ZFA2,0.900000000,0.000100000,1,3.779225400,58.321945176,78.730749428,97.000000000,3,387,387,6676,3.772403900,2.981929800,1335,1298
fidelity_threshold,0.750000000,100,0.750000000,13,1,2,ZFA2,0.900000000,0.000100000,1,3.566815300,58.321945176,78.730749428,97.000000000,3,387,387,6676,3.559768000,2.835776700,1335,1298
fidelity_threshold,0.750000000,100,0.750000000,13,2,0,ZFA,0.900000000,0.000100000,1,0.253864300,57.558130703,77.237894624,92.000000000,0,393,393,6521,0.248550400,0.196072500,58,57
fidelity_threshold,0.750000000,100,0.750000000,13,2,1,ZFA,0.900000000,0.000100000,1,0.244177100,57.558130703,77.237894624,92.000000000,0,393,393,6521,0.239269100,0.189979100,58,57
fidelity_threshold,0.750000000,100,0.750000000,13,2,2,ZFA,0.900000000,0.000100000,1,0.242492300,57.558130703,77.237894624,92.000000000,0,393,393,6521,0.237088900,0.188473600,58,57
fidelity_threshold,0.750000000,100,0.750000000,13,2,0,ZFA2,0.900000000,0.000100000,1,3.648300000,60.161214210,81.101355986,98.000000000,3,403,403,6591,3.640611100,2.882326400,1478,1467
fidelity_threshold,0.750000000,100,0.750000000,13,2,1,ZFA2,0.900000000,0.000100000,1,3.661498300,60.161214210,81.101355986,98.000000000,3,403,403,6591,3.654009300,2.900820300,1478,1467
fidelity_threshold,0.750000000,100,0.750000000,13,2,2,ZFA2,0.900000000,0.000100000,1,3.696031800,60.161214210,81.101355986,98.000000000,3,403,403,6591,3.687866100,2.918210100,1478,1467
fidelity_threshold,0.750000000,100,0.750000000,13,3,0,ZFA,0.900000000,0.000100000,1,0.329780500,57.216171267,76.098456046,90.000000000,0,377,377,7369,0.324554900,0.266297000,102,101
fidelity_threshold,0.750000000,100,0.750000000,13,3,1,ZFA,0.900000000,0.000100000,1,0.351272200,57.216171267,76.098456046,90.000000000,0,377,377,7369,0.345550600,0.282494100,102,101
fidelity_threshold,0.750000000,100,0.750000000,13,3,2,ZFA,0.900000000,0.000100000,1,0.332552000,57.216171267,76.098456046,90.000000000,0,377,377,7369,0.326607400,0.267125800,102,101
fidelity_threshold,0.750000000,100,0.750000000,13,3,0,ZFA2,0.900000000,0.000100000,1,8.204399900,62.065162232,83.249835841,100.000000000,3,394,394,7613,8.196353000,6.795937500,6640,6344
fidelity_threshold,0.750000000,100,0.750000000,13,3,1,ZFA2,0.900000000,0.000100000,1,8.130209600,62.065162232,83.249835841,100.000000000,3,394,394,7613,8.122438300,6.736723800,6640,6344
fidelity_threshold,0.750000000,100,0.750000000,13,3,2,ZFA2,0.900000000,0.000100000,1,9.853495600,62.065162232,83.249835841,100.000000000,3,394,394,7613,9.839690200,8.018678600,6640,6344
fidelity_threshold,0.750000000,100,0.750000000,13,4,0,ZFA,0.900000000,0.000100000,1,0.433965900,56.433759921,75.539889078,90.000000000,0,374,374,7366,0.425636200,0.336648300,52,52
fidelity_threshold,0.750000000,100,0.750000000,13,4,1,ZFA,0.900000000,0.000100000,1,0.398272800,56.433759921,75.539889078,90.000000000,0,374,374,7366,0.389410200,0.310736500,52,52
fidelity_threshold,0.750000000,100,0.750000000,13,4,2,ZFA,0.900000000,0.000100000,1,0.452214100,56.433759921,75.539889078,90.000000000,0,374,374,7366,0.442820300,0.348024800,52,52
fidelity_threshold,0.750000000,100,0.750000000,13,4,0,ZFA2,0.900000000,0.000100000,1,5.689641000,61.020103466,82.330045853,100.000000000,3,387,387,7379,5.677079900,4.531368100,1437,1404
fidelity_threshold,0.750000000,100,0.750000000,13,4,1,ZFA2,0.900000000,0.000100000,1,5.581473500,61.020103466,82.330045853,100.000000000,3,387,387,7379,5.572579100,4.471818500,1437,1404
fidelity_threshold,0.750000000,100,0.750000000,13,4,2,ZFA2,0.900000000,0.000100000,1,5.330150000,61.020103466,82.330045853,100.000000000,3,387,387,7379,5.320844300,4.284714400,1437,1404
fidelity_threshold,0.800000000,100,0.800000000,13,0,0,ZFA,0.900000000,0.000100000,1,0.193812500,40.403580689,52.175352544,60.000000000,0,305,305,7128,0.189153900,0.159969300,25,25
fidelity_threshold,0.800000000,100,0.800000000,13,0,1,ZFA,0.900000000,0.000100000,1,0.254190300,40.403580689,52.175352544,60.000000000,0,305,305,7128,0.248515100,0.208190500,25,25
fidelity_threshold,0.800000000,100,0.800000000,13,0,2,ZFA,0.900000000,0.000100000,1,0.202238000,40.403580689,52.175352544,60.000000000,0,305,305,7128,0.197330000,0.166763400,25,25
fidelity_threshold,0.800000000,100,0.800000000,13,0,0,ZFA2,0.900000000,0.000100000,1,2.264519200,53.006229036,69.189299848,89.000000000,3,362,362,8021,2.255708300,1.816211800,680,679
fidelity_threshold,0.800000000,100,0.800000000,13,0,1,ZFA2,0.900000000,0.000100000,1,2.245329600,53.006229036,69.189299848,89.000000000,3,362,362,8021,2.236246600,1.804463100,680,679
fidelity_threshold,0.800000000,100,0.800000000,13,0,2,ZFA2,0.900000000,0.000100000,1,2.393805600,53.006229036,69.189299848,89.000000000,3,362,362,8021,2.385081800,1.912150500,680,679
fidelity_threshold,0.800000000,100,0.800000000,13,1,0,ZFA,0.900000000,0.000100000,1,0.191692300,39.761713748,52.050624580,60.000000000,0,301,301,5094,0.185984400,0.149873600,12,12
fidelity_threshold,0.800000000,100,0.800000000,13,1,1,ZFA,0.900000000,0.000100000,1,0.175008900,39.761713748,52.050624580,60.000000000,0,301,301,5094,0.168929400,0.137901100,12,12
fidelity_threshold,0.800000000,100,0.800000000,13,1,2,ZFA,0.900000000,0.000100000,1,0.156430600,39.761713748,52.050624580,60.000000000,0,301,301,5094,0.151863000,0.124851900,12,12
fidelity_threshold,0.800000000,100,0.800000000,13,1,0,ZFA2,0.900000000,0.000100000,1,1.883477600,50.739852218,66.849589671,88.000000000,3,351,351,5747,1.875394600,1.494755300,451,447
fidelity_threshold,0.800000000,100,0.800000000,13,1,1,ZFA2,0.900000000,0.000100000,1,1.642337900,50.739852218,66.849589671,88.000000000,3,351,351,5747,1.633342900,1.314535300,451,447
fidelity_threshold,0.800000000,100,0.800000000,13,1,2,ZFA2,0.900000000,0.000100000,1,1.643317800,50.739852218,66.849589671,88.000000000,3,351,351,5747,1.635933700,1.319101100,451,447
fidelity_threshold,0.800000000,100,0.800000000,13,2,0,ZFA,0.900000000,0.000100000,1,0.151652200,39.386314140,50.928006801,60.000000000,0,306,306,5390,0.147152900,0.120590900,23,22
fidelity_threshold,0.800000000,100,0.800000000,13,2,1,ZFA,0.900000000,0.000100000,1,0.151769600,39.386314140,50.928006801,60.000000000,0,306,306,5390,0.146972300,0.121133800,23,22
fidelity_threshold,0.800000000,100,0.800000000,13,2,2,ZFA,0.900000000,0.000100000,1,0.170098100,39.386314140,50.928006801,60.000000000,0,306,306,5390,0.164439500,0.133659100,23,22
fidelity_threshold,0.800000000,100,0.800000000,13,2,0,ZFA2,0.900000000,0.000100000,1,1.743705500,52.225090543,68.271772418,87.000000000,3,363,363,5876,1.733547100,1.383620000,670,668
fidelity_threshold,0.800000000,100,0.800000000,13,2,1,ZFA2,0.900000000,0.000100000,1,1.962016100,52.225090543,68.271772418,87.000000000,3,363,363,5876,1.949803700,1.536572400,670,668
fidelity_threshold,0.800000000,100,0.800000000,13,2,2,ZFA2,0.900000000,0.000100000,1,1.734371900,52.225090543,68.271772418,87.000000000,3,363,363,5876,1.726703100,1.381884600,670,668
fidelity_threshold,0.800000000,100,0.800000000,13,3,0,ZFA,0.900000000,0.000100000,1,0.218142500,40.677914365,52.367540199,60.000000000,0,305,305,6733,0.212931500,0.179467400,47,47
fidelity_threshold,0.800000000,100,0.800000000,13,3,1,ZFA,0.900000000,0.000100000,1,0.217996800,40.677914365,52.367540199,60.000000000,0,305,305,6733,0.211451000,0.178371700,47,47
fidelity_threshold,0.800000000,100,0.800000000,13,3,2,ZFA,0.900000000,0.000100000,1,0.211279100,40.677914365,52.367540199,60.000000000,0,305,305,6733,0.206366900,0.174035000,47,47
fidelity_threshold,0.800000000,100,0.800000000,13,3,0,ZFA2,0.900000000,0.000100000,1,2.811762100,55.046849926,71.820220959,90.000000000,3,348,348,6800,2.802099800,2.340692900,1089,1077
fidelity_threshold,0.800000000,100,0.800000000,13,3,1,ZFA2,0.900000000,0.000100000,1,2.697337200,55.046849926,71.820220959,90.000000000,3,348,348,6800,2.688312800,2.253772100,1089,1077
fidelity_threshold,0.800000000,100,0.800000000,13,3,2,ZFA2,0.900000000,0.000100000,1,2.618882600,55.046849926,71.820220959,90.000000000,3,348,348,6800,2.610997800,2.186159100,1089,1077
fidelity_threshold,0.800000000,100,0.800000000,13,4,0,ZFA,0.900000000,0.000100000,1,0.192083000,40.219740674,52.426020196,60.000000000,0,296,296,6661,0.186805500,0.156129000,18,18
fidelity_threshold,0.800000000,100,0.800000000,13,4,1,ZFA,0.900000000,0.000100000,1,0.185497600,40.219740674,52.426020196,60.000000000,0,296,296,6661,0.179675400,0.150126100,18,18
fidelity_threshold,0.800000000,100,0.800000000,13,4,2,ZFA,0.900000000,0.000100000,1,0.183096800,40.219740674,52.426020196,60.000000000,0,296,296,6661,0.178612300,0.149713600,18,18
fidelity_threshold,0.800000000,100,0.800000000,13,4,0,ZFA2,0.900000000,0.000100000,1,1.899747300,51.967547675,68.351085626,87.000000000,3,345,345,6946,1.891504300,1.535913600,575,572
fidelity_threshold,0.800000000,100,0.800000000,13,4,1,ZFA2,0.900000000,0.000100000,1,2.077350500,51.967547675,68.351085626,87.000000000,3,345,345,6946,2.069664300,1.668338200,575,572
fidelity_threshold,0.800000000,100,0.800000000,13,4,2,ZFA2,0.900000000,0.000100000,1,1.930657700,51.967547675,68.351085626,87.000000000,3,345,345,6946,1.923469800,1.561827300,575,572
fidelity_threshold,0.850000000,100,0.850000000,13,0,0,ZFA,0.900000000,0.000100000,1,0.048902600,9.690900379,11.682307572,13.000000000,0,100,100,2692,0.047749500,0.041311800,7,7
fidelity_threshold,0.850000000,100,0.850000000,13,0,1,ZFA,0.900000000,0.000100000,1,0.050537000,9.690900379,11.682307572,13.000000000,0,100,100,2692,0.049156700,0.042554800,7,7
fidelity_threshold,0.850000000,100,0.850000000,13,0,2,ZFA,0.900000000,0.000100000,1,0.052066300,9.690900379,11.682307572,13.000000000,0,100,100,2692,0.050433300,0.043464300,7,7
fidelity_threshold,0.850000000,100,0.850000000,13,0,0,ZFA2,0.900000000,0.000100000,1,0.461079700,37.374302462,46.035454375,64.000000000,3,267,267,5486,0.455090800,0.383930700,209,209
fidelity_threshold,0.850000000,100,0.850000000,13,0,1,ZFA2,0.900000000,0.000100000,1,0.453087300,37.374302462,46.035454375,64.000000000,3,267,267,5486,0.447417800,0.377862900,209,209
fidelity_threshold,0.850000000,100,0.850000000,13,0,2,ZFA2,0.900000000,0.000100000,1,0.477348300,37.374302462,46.035454375,64.000000000,3,267,267,5486,0.470875900,0.395656900,209,209
fidelity_threshold,0.850000000,100,0.850000000,13,1,0,ZFA,0.900000000,0.000100000,1,0.031509800,5.768813672,7.136599570,8.000000000,0,68,68,1670,0.030459300,0.025891500,7,7
fidelity_threshold,0.850000000,100,0.850000000,13,1,1,ZFA,0.900000000,0.000100000,1,0.031743800,5.768813672,7.136599570,8.000000000,0,68,68,1670,0.030533600,0.026071900,7,7
fidelity_threshold,0.850000000,100,0.850000000,13,1,2,ZFA,0.900000000,0.000100000,1,0.030572100,5.768813672,7.136599570,8.000000000,0,68,68,1670,0.029537500,0.025100400,7,7
fidelity_threshold,0.850000000,100,0.850000000,13,1,0,ZFA2,0.900000000,0.000100000,1,0.302949500,32.283233444,39.991261723,57.000000000,3,251,251,3789,0.297696800,0.249924200,111,111
fidelity_threshold,0.850000000,100,0.850000000,13,1,1,ZFA2,0.900000000,0.000100000,1,0.296137300,32.283233444,39.991261723,57.000000000,3,251,251,3789,0.290091500,0.243645700,111,111
fidelity_threshold,0.850000000,100,0.850000000,13,1,2,ZFA2,0.900000000,0.000100000,1,0.304410700,32.283233444,39.991261723,57.000000000,3,251,251,3789,0.298947300,0.250360700,111,111
fidelity_threshold,0.850000000,100,0.850000000,13,2,0,ZFA,0.900000000,0.000100000,1,0.039661300,11.156551680,13.451722668,15.000000000,0,112,112,1487,0.037651400,0.030822800,7,7
fidelity_threshold,0.850000000,100,0.850000000,13,2,1,ZFA,0.900000000,0.000100000,1,0.043545800,11.156551680,13.451722668,15.000000000,0,112,112,1487,0.041121800,0.033431900,7,7
fidelity_threshold,0.850000000,100,0.850000000,13,2,2,ZFA,0.900000000,0.000100000,1,0.042291200,11.156551680,13.451722668,15.000000000,0,112,112,1487,0.040105200,0.032756700,7,7
fidelity_threshold,0.850000000,100,0.850000000,13,2,0,ZFA2,0.900000000,0.000100000,1,0.413448400,34.096682923,41.966689676,64.000000000,3,257,257,4129,0.408054700,0.337387100,209,209
fidelity_threshold,0.850000000,100,0.850000000,13,2,1,ZFA2,0.900000000,0.000100000,1,0.360786100,34.096682923,41.966689676,64.000000000,3,257,257,4129,0.355906200,0.296701200,209,209
fidelity_threshold,0.850000000,100,0.850000000,13,2,2,ZFA2,0.900000000,0.000100000,1,0.354600500,34.096682923,41.966689676,64.000000000,3,257,257,4129,0.349538000,0.291251300,209,209
fidelity_threshold,0.850000000,100,0.850000000,13,3,0,ZFA,0.900000000,0.000100000,1,0.060971000,10.573747271,12.560943885,14.000000000,0,106,106,2382,0.058945600,0.050885200,15,15
fidelity_threshold,0.850000000,100,0.850000000,13,3,1,ZFA,0.900000000,0.000100000,1,0.052486100,10.573747271,12.560943885,14.000000000,0,106,106,2382,0.050939800,0.044154800,15,15
fidelity_threshold,0.850000000,100,0.850000000,13,3,2,ZFA,0.900000000,0.000100000,1,0.054557800,10.573747271,12.560943885,14.000000000,0,106,106,2382,0.052947800,0.046163200,15,15
fidelity_threshold,0.850000000,100,0.850000000,13,3,0,ZFA2,0.900000000,0.000100000,1,0.558044100,34.603597963,42.375322787,55.000000000,3,260,260,5249,0.552257700,0.477962300,422,421
fidelity_threshold,0.850000000,100,0.850000000,13,3,1,ZFA2,0.900000000,0.000100000,1,0.528354500,34.603597963,42.375322787,55.000000000,3,260,260,5249,0.523241900,0.454740200,422,421
fidelity_threshold,0.850000000,100,0.850000000,13,3,2,ZFA2,0.900000000,0.000100000,1,0.547567500,34.603597963,42.375322787,55.000000000,3,260,260,5249,0.541709300,0.469577200,422,421
fidelity_threshold,0.850000000,100,0.850000000,13,4,0,ZFA,0.900000000,0.000100000,1,0.045854500,8.793684971,10.766893620,12.000000000,0,94,94,2324,0.043833900,0.037957900,8,8
fidelity_threshold,0.850000000,100,0.850000000,13,4,1,ZFA,0.900000000,0.000100000,1,0.042839400,8.793684971,10.766893620,12.000000000,0,94,94,2324,0.041240100,0.035583600,8,8
fidelity_threshold,0.850000000,100,0.850000000,13,4,2,ZFA,0.900000000,0.000100000,1,0.041059000,8.793684971,10.766893620,12.000000000,0,94,94,2324,0.039637900,0.033828500,8,8
fidelity_threshold,0.850000000,100,0.850000000,13,4,0,ZFA2,0.900000000,0.000100000,1,0.378155000,32.350598974,39.971347296,56.000000000,3,252,252,4709,0.373215200,0.316811100,161,161
fidelity_threshold,0.850000000,100,0.850000000,13,4,1,ZFA2,0.900000000,0.000100000,1,0.370260500,32.350598974,39.971347296,56.000000000,3,252,252,4709,0.365359300,0.310164600,161,161
fidelity_threshold,0.850000000,100,0.850000000,13,4,2,ZFA2,0.900000000,0.000100000,1,0.374425100,32.350598974,39.971347296,56.000000000,3,252,252,4709,0.367950700,0.312288800,161,161
fidelity_threshold,0.900000000,100,0.900000000,13,0,0,ZFA,0.900000000,0.000100000,1,0.002087700,0.000000000,0.000000000,0.000000000,0,1,0,110,0.001834600,0.001617800,5,5
fidelity_threshold,0.900000000,100,0.900000000,13,0,1,ZFA,0.900000000,0.000100000,1,0.002000500,0.000000000,0.000000000,0.000000000,0,1,0,110,0.001663200,0.001450800,5,5
fidelity_threshold,0.900000000,100,0.900000000,13,0,2,ZFA,0.900000000,0.000100000,1,0.002344100,0.000000000,0.000000000,0.000000000,0,1,0,110,0.002006400,0.001761800,5,5
fidelity_threshold,0.900000000,100,0.900000000,13,0,0,ZFA2,0.900000000,0.000100000,1,0.070607000,8.229129791,9.456753607,12.000000000,3,87,87,2233,0.068877400,0.062112400,20,20
fidelity_threshold,0.900000000,100,0.900000000,13,0,1,ZFA2,0.900000000,0.000100000,1,0.068759200,8.229129791,9.456753607,12.000000000,3,87,87,2233,0.067055400,0.060688900,20,20
fidelity_threshold,0.900000000,100,0.900000000,13,0,2,ZFA2,0.900000000,0.000100000,1,0.076021500,8.229129791,9.456753607,12.000000000,3,87,87,2233,0.073823900,0.066289200,20,20
fidelity_threshold,0.900000000,100,0.900000000,13,1,0,ZFA,0.900000000,0.000100000,1,0.001886100,0.000000000,0.000000000,0.000000000,0,1,0,89,0.001556400,0.001374600,5,5
fidelity_threshold,0.900000000,100,0.900000000,13,1,1,ZFA,0.900000000,0.000100000,1,0.001441800,0.000000000,0.000000000,0.000000000,0,1,0,89,0.001211600,0.001062200,5,5
fidelity_threshold,0.900000000,100,0.900000000,13,1,2,ZFA,0.900000000,0.000100000,1,0.001279400,0.000000000,0.000000000,0.000000000,0,1,0,89,0.001077200,0.000947200,5,5
fidelity_threshold,0.900000000,100,0.900000000,13,1,0,ZFA2,0.900000000,0.000100000,1,0.011834300,1.901281866,2.183323514,3.000000000,3,30,30,286,0.010985800,0.009400100,21,21
fidelity_threshold,0.900000000,100,0.900000000,13,1,1,ZFA2,0.900000000,0.000100000,1,0.009927000,1.901281866,2.183323514,3.000000000,3,30,30,286,0.009235000,0.008028500,21,21
fidelity_threshold,0.900000000,100,0.900000000,13,1,2,ZFA2,0.900000000,0.000100000,1,0.010879200,1.901281866,2.183323514,3.000000000,3,30,30,286,0.010181900,0.008904400,21,21
fidelity_threshold,0.900000000,100,0.900000000,13,2,0,ZFA,0.900000000,0.000100000,1,0.001416700,0.000000000,0.000000000,0.000000000,0,1,0,95,0.001238800,0.001101400,5,5
fidelity_threshold,0.900000000,100,0.900000000,13,2,1,ZFA,0.900000000,0.000100000,1,0.001331900,0.000000000,0.000000000,0.000000000,0,1,0,95,0.001148800,0.001017100,5,5
fidelity_threshold,0.900000000,100,0.900000000,13,2,2,ZFA,0.900000000,0.000100000,1,0.001167500,0.000000000,0.000000000,0.000000000,0,1,0,95,0.000993400,0.000884400,5,5
fidelity_threshold,0.900000000,100,0.900000000,13,2,0,ZFA2,0.900000000,0.000100000,1,0.047047600,10.208930439,11.746103612,15.000000000,3,108,108,1401,0.045122800,0.038979400,22,22
fidelity_threshold,0.900000000,100,0.900000000,13,2,1,ZFA2,0.900000000,0.000100000,1,0.045090200,10.208930439,11.746103612,15.000000000,3,108,108,1401,0.043009200,0.037321400,22,22
fidelity_threshold,0.900000000,100,0.900000000,13,2,2,ZFA2,0.900000000,0.000100000,1,0.045778500,10.208930439,11.746103612,15.000000000,3,108,108,1401,0.043711300,0.037738800,22,22
fidelity_threshold,0.900000000,100,0.900000000,13,3,0,ZFA,0.900000000,0.000100000,1,0.014311400,3.960349603,4.499387489,5.000000000,0,46,46,513,0.013458300,0.010890700,5,5
fidelity_threshold,0.900000000,100,0.900000000,13,3,1,ZFA,0.900000000,0.000100000,1,0.013486500,3.960349603,4.499387489,5.000000000,0,46,46,513,0.012679800,0.010247700,5,5
fidelity_threshold,0.900000000,100,0.900000000,13,3,2,ZFA,0.900000000,0.000100000,1,0.014623800,3.960349603,4.499387489,5.000000000,0,46,46,513,0.013606900,0.011037100,5,5
fidelity_threshold,0.900000000,100,0.900000000,13,3,0,ZFA2,0.900000000,0.000100000,1,0.099831700,9.881672236,11.321350477,14.000000000,3,95,95,2057,0.097618900,0.086988300,79,79
fidelity_threshold,0.900000000,100,0.900000000,13,3,1,ZFA2,0.900000000,0.000100000,1,0.091662400,9.881672236,11.321350477,14.000000000,3,95,95,2057,0.089836500,0.081033400,79,79
fidelity_threshold,0.900000000,100,0.900000000,13,3,2,ZFA2,0.900000000,0.000100000,1,0.089670300,9.881672236,11.321350477,14.000000000,3,95,95,2057,0.087740600,0.079183200,79,79
fidelity_threshold,0.900000000,100,0.900000000,13,4,0,ZFA,0.900000000,0.000100000,1,0.001245000,0.000000000,0.000000000,0.000000000,0,1,0,96,0.001056000,0.000945600,6,6
fidelity_threshold,0.900000000,100,0.900000000,13,4,1,ZFA,0.900000000,0.000100000,1,0.001220500,0.000000000,0.000000000,0.000000000,0,1,0,96,0.001043400,0.000934200,6,6
fidelity_threshold,0.900000000,100,0.900000000,13,4,2,ZFA,0.900000000,0.000100000,1,0.001591700,0.000000000,0.000000000,0.000000000,0,1,0,96,0.001401600,0.001270300,6,6
fidelity_threshold,0.900000000,100,0.900000000,13,4,0,ZFA2,0.900000000,0.000100000,1,0.050811200,7.129120091,8.202240001,11.000000000,3,80,80,1851,0.049266700,0.044666800,24,24
fidelity_threshold,0.900000000,100,0.900000000,13,4,1,ZFA2,0.900000000,0.000100000,1,0.050300100,7.129120091,8.202240001,11.000000000,3,80,80,1851,0.048843600,0.044228600,24,24
fidelity_threshold,0.900000000,100,0.900000000,13,4,2,ZFA2,0.900000000,0.000100000,1,0.062790600,7.129120091,8.202240001,11.000000000,3,80,80,1851,0.060848300,0.054783600,24,24
time_limit,7.000000000,100,0.800000000,7,0,0,ZFA,0.900000000,0.000100000,1,0.071473100,40.243489658,52.018055989,60.000000000,0,224,224,4990,0.067070600,0.050492700,25,25
time_limit,7.000000000,100,0.800000000,7,0,1,ZFA,0.900000000,0.000100000,1,0.066945300,40.243489658,52.018055989,60.000000000,0,224,224,4990,0.062802800,0.047832700,25,25
time_limit,7.000000000,100,0.800000000,7,0,2,ZFA,0.900000000,0.000100000,1,0.083411100,40.243489658,52.018055989,60.000000000,0,224,224,4990,0.077130200,0.058345700,25,25
time_limit,7.000000000,100,0.800000000,7,0,0,ZFA2,0.900000000,0.000100000,1,0.299333800,49.023166975,63.828124346,78.000000000,3,244,244,5097,0.292483500,0.225851500,278,278
time_limit,7.000000000,100,0.800000000,7,0,1,ZFA2,0.900000000,0.000100000,1,0.303749800,49.023166975,63.828124346,78.000000000,3,244,244,5097,0.297570500,0.229789600,278,278
time_limit,7.000000000,100,0.800000000,7,0,2,ZFA2,0.900000000,0.000100000,1,0.298864400,49.023166975,63.828124346,78.000000000,3,244,244,5097,0.293227000,0.226740900,278,278
time_limit,7.000000000,100,0.800000000,7,1,0,ZFA,0.900000000,0.000100000,1,0.049316200,37.090391547,48.477508684,56.000000000,0,216,216,3420,0.045193400,0.032973600,12,12
time_limit,7.000000000,100,0.800000000,7,1,1,ZFA,0.900000000,0.000100000,1,0.051403300,37.090391547,48.477508684,56.000000000,0,216,216,3420,0.047608400,0.034495600,12,12
time_limit,7.000000000,100,0.800000000,7,1,2,ZFA,0.900000000,0.000100000,1,0.056938600,37.090391547,48.477508684,56.000000000,0,216,216,3420,0.052123600,0.037335900,12,12
time_limit,7.000000000,100,0.800000000,7,1,0,ZFA2,0.900000000,0.000100000,1,0.203257200,42.891874839,56.289112799,68.000000000,3,236,236,3459,0.196737800,0.152189500,226,225
time_limit,7.000000000,100,0.800000000,7,1,1,ZFA2,0.900000000,0.000100000,1,0.233106200,42.891874839,56.289112799,68.000000000,3,236,236,3459,0.226216700,0.171880900,226,225
time_limit,7.000000000,100,0.800000000,7,1,2,ZFA2,0.900000000,0.000100000,1,0.200188600,42.891874839,56.289112799,68.000000000,3,236,236,3459,0.195787900,0.151407800,226,225
time_limit,7.000000000,100,0.800000000,7,2,0,ZFA,0.900000000,0.000100000,1,0.056462200,39.054756591,50.591879412,60.000000000,0,227,227,3835,0.052690800,0.038910100,23,22
time_limit,7.000000000,100,0.800000000,7,2,1,ZFA,0.900000000,0.000100000,1,0.056890000,39.054756591,50.591879412,60.000000000,0,227,227,3835,0.052601300,0.038912900,23,22
time_limit,7.000000000,100,0.800000000,7,2,2,ZFA,0.900000000,0.000100000,1,0.060355000,39.054756591,50.591879412,60.000000000,0,227,227,3835,0.056480800,0.040958800,23,22
time_limit,7.000000000,100,0.800000000,7,2,0,ZFA2,0.900000000,0.000100000,1,0.290252700,48.696766254,63.494010650,79.000000000,3,248,248,3924,0.282844100,0.207995400,277,276
time_limit,7.000000000,100,0.800000000,7,2,1,ZFA2,0.900000000,0.000100000,1,0.267103200,48.696766254,63.494010650,79.000000000,3,248,248,3924,0.260440300,0.197406500,277,276
time_limit,7.000000000,100,0.800000000,7,2,2,ZFA2,0.900000000,0.000100000,1,0.233029700,48.696766254,63.494010650,79.000000000,3,248,248,3924,0.227884400,0.175098700,277,276
time_limit,7.000000000,100,0.800000000,7,3,0,ZFA,0.900000000,0.000100000,1,0.082664900,40.649673381,52.349008437,60.000000000,0,225,225,4796,0.078176200,0.058584000,44,44
time_limit,7.000000000,100,0.800000000,7,3,1,ZFA,0.900000000,0.000100000,1,0.082821600,40.649673381,52.349008437,60.000000000,0,225,225,4796,0.078276200,0.059142500,44,44
time_limit,7.000000000,100,0.800000000,7,3,2,ZFA,0.900000000,0.000100000,1,0.078537800,40.649673381,52.349008437,60.000000000,0,225,225,4796,0.074573400,0.056648100,44,44
time_limit,7.000000000,100,0.800000000,7,3,0,ZFA2,0.900000000,0.000100000,1,0.339567900,45.566902889,59.032402408,70.000000000,3,232,232,4630,0.333266300,0.265365300,365,365
time_limit,7.000000000,100,0.800000000,7,3,1,ZFA2,0.900000000,0.000100000,1,0.338736200,45.566902889,59.032402408,70.000000000,3,232,232,4630,0.333041400,0.264675200,365,365
time_limit,7.000000000,100,0.800000000,7,3,2,ZFA2,0.900000000,0.000100000,1,0.357423400,45.566902889,59.032402408,70.000000000,3,232,232,4630,0.352090300,0.278071100,365,365
time_limit,7.000000000,100,0.800000000,7,4,0,ZFA,0.900000000,0.000100000,1,0.063356000,36.798004703,47.857053377,55.000000000,0,212,212,4361,0.059204700,0.044253600,18,18
time_limit,7.000000000,100,0.800000000,7,4,1,ZFA,0.900000000,0.000100000,1,0.061292600,36.798004703,47.857053377,55.000000000,0,212,212,4361,0.057104000,0.043004600,18,18
time_limit,7.000000000,100,0.800000000,7,4,2,ZFA,0.900000000,0.000100000,1,0.058895100,36.798004703,47.857053377,55.000000000,0,212,212,4361,0.055439200,0.041914500,18,18
time_limit,7.000000000,100,0.800000000,7,4,0,ZFA2,0.900000000,0.000100000,1,0.270178400,43.009181496,56.229502635,67.000000000,3,234,234,4357,0.264421900,0.203027600,250,250
time_limit,7.000000000,100,0.800000000,7,4,1,ZFA2,0.900000000,0.000100000,1,0.269451200,43.009181496,56.229502635,67.000000000,3,234,234,4357,0.264741900,0.204668800,250,250
time_limit,7.000000000,100,0.800000000,7,4,2,ZFA2,0.900000000,0.000100000,1,0.266509200,43.009181496,56.229502635,67.000000000,3,234,234,4357,0.260834300,0.202907200,250,250
time_limit,9.000000000,100,0.800000000,9,0,0,ZFA,0.900000000,0.000100000,1,0.110621800,40.373533099,52.155585521,60.000000000,0,257,257,5788,0.105784500,0.084944700,25,25
time_limit,9.000000000,100,0.800000000,9,0,1,ZFA,0.900000000,0.000100000,1,0.111641200,40.373533099,52.155585521,60.000000000,0,257,257,5788,0.106118500,0.085024400,25,25
time_limit,9.000000000,100,0.800000000,9,0,2,ZFA,0.900000000,0.000100000,1,0.108501700,40.373533099,52.155585521,60.000000000,0,257,257,5788,0.104066500,0.083829500,25,25
time_limit,9.000000000,100,0.800000000,9,0,0,ZFA2,0.900000000,0.000100000,1,0.852601500,51.490310496,67.096341640,83.000000000,3,289,289,6448,0.846546200,0.672050000,587,587
time_limit,9.000000000,100,0.800000000,9,0,1,ZFA2,0.900000000,0.000100000,1,0.794415000,51.490310496,67.096341640,83.000000000,3,289,289,6448,0.787462700,0.629062300,587,587
time_limit,9.000000000,100,0.800000000,9,0,2,ZFA2,0.900000000,0.000100000,1,0.819515500,51.490310496,67.096341640,83.000000000,3,289,289,6448,0.812751400,0.650392300,587,587
time_limit,9.000000000,100,0.800000000,9,1,0,ZFA,0.900000000,0.000100000,1,0.088436500,39.740921820,52.030272159,60.000000000,0,249,249,3997,0.082297900,0.063773700,12,12
time_limit,9.000000000,100,0.800000000,9,1,1,ZFA,0.900000000,0.000100000,1,0.093502600,39.740921820,52.030272159,60.000000000,0,249,249,3997,0.089240900,0.068609700,12,12
time_limit,9.000000000,100,0.800000000,9,1,2,ZFA,0.900000000,0.000100000,1,0.090734100,39.740921820,52.030272159,60.000000000,0,249,249,3997,0.085314600,0.066293500,12,12
time_limit,9.000000000,100,0.800000000,9,1,0,ZFA2,0.900000000,0.000100000,1,0.580448400,46.828089024,61.570254383,76.000000000,3,280,280,4439,0.574950400,0.458221700,423,419
time_limit,9.000000000,100,0.800000000,9,1,1,ZFA2,0.900000000,0.000100000,1,0.561429500,46.828089024,61.570254383,76.000000000,3,280,280,4439,0.554784400,0.443402500,423,419
time_limit,9.000000000,100,0.800000000,9,1,2,ZFA2,0.900000000,0.000100000,1,0.617796700,46.828089024,61.570254383,76.000000000,3,280,280,4439,0.611913500,0.484457900,423,419
time_limit,9.000000000,100,0.800000000,9,2,0,ZFA,0.900000000,0.000100000,1,0.113785200,39.160256883,50.647032544,60.000000000,0,258,258,4424,0.107526900,0.082558100,23,22
time_limit,9.000000000,100,0.800000000,9,2,1,ZFA,0.900000000,0.000100000,1,0.098926100,39.160256883,50.647032544,60.000000000,0,258,258,4424,0.091991500,0.069549600,23,22
time_limit,9.000000000,100,0.800000000,9,2,2,ZFA,0.900000000,0.000100000,1,0.094876700,39.160256883,50.647032544,60.000000000,0,258,258,4424,0.089873000,0.069169500,23,22
time_limit,9.000000000,100,0.800000000,9,2,0,ZFA2,0.900000000,0.000100000,1,0.636008600,49.420673680,64.475406220,80.000000000,3,294,294,4729,0.630327100,0.498584200,579,578
time_limit,9.000000000,100,0.800000000,9,2,1,ZFA2,0.900000000,0.000100000,1,0.644342500,49.420673680,64.475406220,80.000000000,3,294,294,4729,0.637092400,0.503688300,579,578
time_limit,9.000000000,100,0.800000000,9,2,2,ZFA2,0.900000000,0.000100000,1,0.612209100,49.420673680,64.475406220,80.000000000,3,294,294,4729,0.605862400,0.481991500,579,578
time_limit,9.000000000,100,0.800000000,9,3,0,ZFA,0.900000000,0.000100000,1,0.115403100,40.711296506,52.362575579,60.000000000,0,256,256,5474,0.111175600,0.089544400,47,47
time_limit,9.000000000,100,0.800000000,9,3,1,ZFA,0.900000000,0.000100000,1,0.113298900,40.711296506,52.362575579,60.000000000,0,256,256,5474,0.108521700,0.087447500,47,47
time_limit,9.000000000,100,0.800000000,9,3,2,ZFA,0.900000000,0.000100000,1,0.114646800,40.711296506,52.362575579,60.000000000,0,256,256,5474,0.110487100,0.088910300,47,47
time_limit,9.000000000,100,0.800000000,9,3,0,ZFA2,0.900000000,0.000100000,1,0.936382500,50.077728618,65.113655791,79.000000000,3,274,274,5624,0.929594200,0.763394500,800,795
time_limit,9.000000000,100,0.800000000,9,3,1,ZFA2,0.900000000,0.000100000,1,0.969260400,50.077728618,65.113655791,79.000000000,3,274,274,5624,0.962425800,0.789557300,800,795
time_limit,9.000000000,100,0.800000000,9,3,2,ZFA2,0.900000000,0.000100000,1,0.932672000,50.077728618,65.113655791,79.000000000,3,274,274,5624,0.926414300,0.762956600,800,795
time_limit,9.000000000,100,0.800000000,9,4,0,ZFA,0.900000000,0.000100000,1,0.104590700,39.876245082,52.058106838,60.000000000,0,245,245,5266,0.099489000,0.078886500,18,18
time_limit,9.000000000,100,0.800000000,9,4,1,ZFA,0.900000000,0.000100000,1,0.107106300,39.876245082,52.058106838,60.000000000,0,245,245,5266,0.102300400,0.080592900,18,18
time_limit,9.000000000,100,0.800000000,9,4,2,ZFA,0.900000000,0.000100000,1,0.109776500,39.876245082,52.058106838,60.000000000,0,245,245,5266,0.105104700,0.082995800,18,18
time_limit,9.000000000,100,0.800000000,9,4,0,ZFA2,0.900000000,0.000100000,1,0.684379900,47.027832483,61.782931044,76.000000000,3,278,278,5321,0.678728600,0.546625400,506,504
time_limit,9.000000000,100,0.800000000,9,4,1,ZFA2,0.900000000,0.000100000,1,0.705443600,47.027832483,61.782931044,76.000000000,3,278,278,5321,0.698492600,0.561048600,506,504
time_limit,9.000000000,100,0.800000000,9,4,2,ZFA2,0.900000000,0.000100000,1,0.723075600,47.027832483,61.782931044,76.000000000,3,278,278,5321,0.716811800,0.573361800,506,504
time_limit,11.000000000,100,0.800000000,11,0,0,ZFA,0.900000000,0.000100000,1,0.155232700,40.358837922,52.126847155,60.000000000,0,283,283,6363,0.149144600,0.121815900,25,25
time_limit,11.000000000,100,0.800000000,11,0,1,ZFA,0.900000000,0.000100000,1,0.144858900,40.358837922,52.126847155,60.000000000,0,283,283,6363,0.138724000,0.114725200,25,25
time_limit,11.000000000,100,0.800000000,11,0,2,ZFA,0.900000000,0.000100000,1,0.145259300,40.358837922,52.126847155,60.000000000,0,283,283,6363,0.138867600,0.114829400,25,25
time_limit,11.000000000,100,0.800000000,11,0,0,ZFA2,0.900000000,0.000100000,1,1.458367500,52.285527358,68.184299102,86.000000000,3,328,328,7299,1.448633100,1.165103200,680,679
time_limit,11.000000000,100,0.800000000,11,0,1,ZFA2,0.900000000,0.000100000,1,1.451167200,52.285527358,68.184299102,86.000000000,3,328,328,7299,1.443083900,1.165423500,680,679
time_limit,11.000000000,100,0.800000000,11,0,2,ZFA2,0.900000000,0.000100000,1,1.545705600,52.285527358,68.184299102,86.000000000,3,328,328,7299,1.535694700,1.228566900,680,679
time_limit,11.000000000,100,0.800000000,11,1,0,ZFA,0.900000000,0.000100000,1,0.150576800,39.761713748,52.050624580,60.000000000,0,278,278,4554,0.143961400,0.113501300,12,12
time_limit,11.000000000,100,0.800000000,11,1,1,ZFA,0.900000000,0.000100000,1,0.152180500,39.761713748,52.050624580,60.000000000,0,278,278,4554,0.145497300,0.108025900,12,12
time_limit,11.000000000,100,0.800000000,11,1,2,ZFA,0.900000000,0.000100000,1,0.142954200,39.761713748,52.050624580,60.000000000,0,278,278,4554,0.138052400,0.108912000,12,12
time_limit,11.000000000,100,0.800000000,11,1,0,ZFA2,0.900000000,0.000100000,1,1.044182600,49.117179780,64.662899954,83.000000000,3,316,316,5162,1.035247800,0.833547200,451,447
time_limit,11.000000000,100,0.800000000,11,1,1,ZFA2,0.900000000,0.000100000,1,1.108255900,49.117179780,64.662899954,83.000000000,3,316,316,5162,1.100697800,0.880620500,451,447
time_limit,11.000000000,100,0.800000000,11,1,2,ZFA2,0.900000000,0.000100000,1,1.059251800,49.117179780,64.662899954,83.000000000,3,316,316,5162,1.051409300,0.846996800,451,447
time_limit,11.000000000,100,0.800000000,11,2,0,ZFA,0.900000000,0.000100000,1,0.117636900,39.160256883,50.647032544,60.000000000,0,285,285,4902,0.112830000,0.091215000,23,22
time_limit,11.000000000,100,0.800000000,11,2,1,ZFA,0.900000000,0.000100000,1,0.120428000,39.160256883,50.647032544,60.000000000,0,285,285,4902,0.116167100,0.093306300,23,22
time_limit,11.000000000,100,0.800000000,11,2,2,ZFA,0.900000000,0.000100000,1,0.119388100,39.160256883,50.647032544,60.000000000,0,285,285,4902,0.115044500,0.092693200,23,22
time_limit,11.000000000,100,0.800000000,11,2,0,ZFA2,0.900000000,0.000100000,1,1.097364400,50.541331373,66.042704348,83.000000000,3,329,329,5334,1.091134600,0.876697700,670,668
time_limit,11.000000000,100,0.800000000,11,2,1,ZFA2,0.900000000,0.000100000,1,1.173404600,50.541331373,66.042704348,83.000000000,3,329,329,5334,1.165179600,0.929641700,670,668
time_limit,11.000000000,100,0.800000000,11,2,2,ZFA2,0.900000000,0.000100000,1,1.178174700,50.541331373,66.042704348,83.000000000,3,329,329,5334,1.171021200,0.932899600,670,668
time_limit,11.000000000,100,0.800000000,11,3,0,ZFA,0.900000000,0.000100000,1,0.178658300,40.647592849,52.353213052,60.000000000,0,283,283,6067,0.173229300,0.142095300,47,47
time_limit,11.000000000,100,0.800000000,11,3,1,ZFA,0.900000000,0.000100000,1,0.176811900,40.647592849,52.353213052,60.000000000,0,283,283,6067,0.172046200,0.140931500,47,47
time_limit,11.000000000,100,0.800000000,11,3,2,ZFA,0.900000000,0.000100000,1,0.162429900,40.647592849,52.353213052,60.000000000,0,283,283,6067,0.155908000,0.129099100,47,47
time_limit,11.000000000,100,0.800000000,11,3,0,ZFA2,0.900000000,0.000100000,1,1.792914700,53.821705630,70.129803487,87.000000000,3,311,311,6194,1.785124300,1.479736700,1075,1063
time_limit,11.000000000,100,0.800000000,11,3,1,ZFA2,0.900000000,0.000100000,1,1.736308500,53.821705630,70.129803487,87.000000000,3,311,311,6194,1.729104200,1.433999200,1075,1063
time_limit,11.000000000,100,0.800000000,11,3,2,ZFA2,0.900000000,0.000100000,1,1.729017400,53.821705630,70.129803487,87.000000000,3,311,311,6194,1.721857600,1.431908400,1075,1063
time_limit,11.000000000,100,0.800000000,11,4,0,ZFA,0.900000000,0.000100000,1,0.141228800,40.147996141,52.409673011,60.000000000,0,275,275,5992,0.136775300,0.111248300,18,18
time_limit,11.000000000,100,0.800000000,11,4,1,ZFA,0.900000000,0.000100000,1,0.133524800,40.147996141,52.409673011,60.000000000,0,275,275,5992,0.128163400,0.104762400,18,18
time_limit,11.000000000,100,0.800000000,11,4,2,ZFA,0.900000000,0.000100000,1,0.140279600,40.147996141,52.409673011,60.000000000,0,275,275,5992,0.135472000,0.110728400,18,18
time_limit,11.000000000,100,0.800000000,11,4,0,ZFA2,0.900000000,0.000100000,1,1.334218700,49.717438936,65.288500968,81.000000000,3,312,312,6008,1.327277000,1.060798000,573,570
time_limit,11.000000000,100,0.800000000,11,4,1,ZFA2,0.900000000,0.000100000,1,1.249922200,49.717438936,65.288500968,81.000000000,3,312,312,6008,1.243444000,1.004086500,573,570
time_limit,11.000000000,100,0.800000000,11,4,2,ZFA2,0.900000000,0.000100000,1,1.293285200,49.717438936,65.288500968,81.000000000,3,312,312,6008,1.285208000,1.037461500,573,570
time_limit,13.000000000,100,0.800000000,13,0,0,ZFA,0.900000000,0.000100000,1,0.200247200,40.403580689,52.175352544,60.000000000,0,305,305,7128,0.195301200,0.163634800,25,25
time_limit,13.000000000,100,0.800000000,13,0,1,ZFA,0.900000000,0.000100000,1,0.254275900,40.403580689,52.175352544,60.000000000,0,305,305,7128,0.245808600,0.201592700,25,25
time_limit,13.000000000,100,0.800000000,13,0,2,ZFA,0.900000000,0.000100000,1,0.210964500,40.403580689,52.175352544,60.000000000,0,305,305,7128,0.205220900,0.173090900,25,25
time_limit,13.000000000,100,0.800000000,13,0,0,ZFA2,0.900000000,0.000100000,1,2.208941500,53.006229036,69.189299848,89.000000000,3,362,362,8021,2.197467400,1.768801000,680,679
time_limit,13.000000000,100,0.800000000,13,0,1,ZFA2,0.900000000,0.000100000,1,2.237079300,53.006229036,69.189299848,89.000000000,3,362,362,8021,2.228326100,1.793298200,680,679
time_limit,13.000000000,100,0.800000000,13,0,2,ZFA2,0.900000000,0.000100000,1,2.172545600,53.006229036,69.189299848,89.000000000,3,362,362,8021,2.163861300,1.747786500,680,679
time_limit,13.000000000,100,0.800000000,13,1,0,ZFA,0.900000000,0.000100000,1,0.182997700,39.761713748,52.050624580,60.000000000,0,301,301,5094,0.176359200,0.139624600,12,12
time_limit,13.000000000,100,0.800000000,13,1,1,ZFA,0.900000000,0.000100000,1,0.171370300,39.761713748,52.050624580,60.000000000,0,301,301,5094,0.166351800,0.134126300,12,12
time_limit,13.000000000,100,0.800000000,13,1,2,ZFA,0.900000000,0.000100000,1,0.155842700,39.761713748,52.050624580,60.000000000,0,301,301,5094,0.150301600,0.123618800,12,12
time_limit,13.000000000,100,0.800000000,13,1,0,ZFA2,0.900000000,0.000100000,1,1.658137100,50.739852218,66.849589671,88.000000000,3,351,351,5747,1.649612100,1.318677900,451,447
time_limit,13.000000000,100,0.800000000,13,1,1,ZFA2,0.900000000,0.000100000,1,1.703053500,50.739852218,66.849589671,88.000000000,3,351,351,5747,1.691575100,1.351008800,451,447
time_limit,13.000000000,100,0.800000000,13,1,2,ZFA2,0.900000000,0.000100000,1,1.910156400,50.739852218,66.849589671,88.000000000,3,351,351,5747,1.898956800,1.497170500,451,447
time_limit,13.000000000,100,0.800000000,13,2,0,ZFA,0.900000000,0.000100000,1,0.208129200,39.386314140,50.928006801,60.000000000,0,306,306,5390,0.202229200,0.163262500,23,22
time_limit,13.000000000,100,0.800000000,13,2,1,ZFA,0.900000000,0.000100000,1,0.182971400,39.386314140,50.928006801,60.000000000,0,306,306,5390,0.177510100,0.145047600,23,22
time_limit,13.000000000,100,0.800000000,13,2,2,ZFA,0.900000000,0.000100000,1,0.178159700,39.386314140,50.928006801,60.000000000,0,306,306,5390,0.171083300,0.140024100,23,22
time_limit,13.000000000,100,0.800000000,13,2,0,ZFA2,0.900000000,0.000100000,1,2.018106400,52.225090543,68.271772418,87.000000000,3,363,363,5876,2.008374900,1.584412800,670,668
time_limit,13.000000000,100,0.800000000,13,2,1,ZFA2,0.900000000,0.000100000,1,1.874681200,52.225090543,68.271772418,87.000000000,3,363,363,5876,1.863258300,1.477821700,670,668
time_limit,13.000000000,100,0.800000000,13,2,2,ZFA2,0.900000000,0.000100000,1,1.813764600,52.225090543,68.271772418,87.000000000,3,363,363,5876,1.804858900,1.429171100,670,668
time_limit,13.000000000,100,0.800000000,13,3,0,ZFA,0.900000000,0.000100000,1,0.237224800,40.677914365,52.367540199,60.000000000,0,305,305,6733,0.230974800,0.193518800,47,47
time_limit,13.000000000,100,0.800000000,13,3,1,ZFA,0.900000000,0.000100000,1,0.243363500,40.677914365,52.367540199,60.000000000,0,305,305,6733,0.236256800,0.196810800,47,47
time_limit,13.000000000,100,0.800000000,13,3,2,ZFA,0.900000000,0.000100000,1,0.291705300,40.677914365,52.367540199,60.000000000,0,305,305,6733,0.284727000,0.234071300,47,47
time_limit,13.000000000,100,0.800000000,13,3,0,ZFA2,0.900000000,0.000100000,1,2.632883500,55.046849926,71.820220959,90.000000000,3,348,348,6800,2.624388600,2.196347800,1089,1077
time_limit,13.000000000,100,0.800000000,13,3,1,ZFA2,0.900000000,0.000100000,1,2.758342400,55.046849926,71.820220959,90.000000000,3,348,348,6800,2.750273700,2.285761900,1089,1077
time_limit,13.000000000,100,0.800000000,13,3,2,ZFA2,0.900000000,0.000100000,1,2.595008300,55.046849926,71.820220959,90.000000000,3,348,348,6800,2.587206100,2.168189500,1089,1077
time_limit,13.000000000,100,0.800000000,13,4,0,ZFA,0.900000000,0.000100000,1,0.182754400,40.219740674,52.426020196,60.000000000,0,296,296,6661,0.178057600,0.149149800,18,18
time_limit,13.000000000,100,0.800000000,13,4,1,ZFA,0.900000000,0.000100000,1,0.218446300,40.219740674,52.426020196,60.000000000,0,296,296,6661,0.212416500,0.175481400,18,18
time_limit,13.000000000,100,0.800000000,13,4,2,ZFA,0.900000000,0.000100000,1,0.201032100,40.219740674,52.426020196,60.000000000,0,296,296,6661,0.194727900,0.161550200,18,18
time_limit,13.000000000,100,0.800000000,13,4,0,ZFA2,0.900000000,0.000100000,1,1.923636200,51.967547675,68.351085626,87.000000000,3,345,345,6946,1.915833300,1.555087600,575,572
time_limit,13.000000000,100,0.800000000,13,4,1,ZFA2,0.900000000,0.000100000,1,1.912978900,51.967547675,68.351085626,87.000000000,3,345,345,6946,1.905777600,1.546802500,575,572
time_limit,13.000000000,100,0.800000000,13,4,2,ZFA2,0.900000000,0.000100000,1,1.944953800,51.967547675,68.351085626,87.000000000,3,345,345,6946,1.936915600,1.567053900,575,572
time_limit,15.000000000,100,0.800000000,15,0,0,ZFA,0.900000000,0.000100000,1,0.265621900,40.403580689,52.175352544,60.000000000,0,320,320,7415,0.260300100,0.221882200,25,25
time_limit,15.000000000,100,0.800000000,15,0,1,ZFA,0.900000000,0.000100000,1,0.256819000,40.403580689,52.175352544,60.000000000,0,320,320,7415,0.251103600,0.213280500,25,25
time_limit,15.000000000,100,0.800000000,15,0,2,ZFA,0.900000000,0.000100000,1,0.245074900,40.403580689,52.175352544,60.000000000,0,320,320,7415,0.239895100,0.205090200,25,25
time_limit,15.000000000,100,0.800000000,15,0,0,ZFA2,0.900000000,0.000100000,1,3.004158200,53.513010212,69.815060877,90.000000000,3,394,394,8951,2.994989700,2.425265800,680,679
time_limit,15.000000000,100,0.800000000,15,0,1,ZFA2,0.900000000,0.000100000,1,3.230200600,53.513010212,69.815060877,90.000000000,3,394,394,8951,3.221363300,2.592189000,680,679
time_limit,15.000000000,100,0.800000000,15,0,2,ZFA2,0.900000000,0.000100000,1,2.986497800,53.513010212,69.815060877,90.000000000,3,394,394,8951,2.977928000,2.409769500,680,679
time_limit,15.000000000,100,0.800000000,15,1,0,ZFA,0.900000000,0.000100000,1,0.207147400,39.745752143,52.033462942,60.000000000,0,318,318,5293,0.202124300,0.168534000,12,12
time_limit,15.000000000,100,0.800000000,15,1,1,ZFA,0.900000000,0.000100000,1,0.228333500,39.745752143,52.033462942,60.000000000,0,318,318,5293,0.222493500,0.184559100,12,12
time_limit,15.000000000,100,0.800000000,15,1,2,ZFA,0.900000000,0.000100000,1,0.201451400,39.745752143,52.033462942,60.000000000,0,318,318,5293,0.196406000,0.163891900,12,12
time_limit,15.000000000,100,0.800000000,15,1,0,ZFA2,0.900000000,0.000100000,1,2.494967400,51.713836224,68.169353922,91.000000000,3,385,385,6610,2.485708600,1.985636700,451,447
time_limit,15.000000000,100,0.800000000,15,1,1,ZFA2,0.900000000,0.000100000,1,2.445604000,51.713836224,68.169353922,91.000000000,3,385,385,6610,2.433576800,1.948183300,451,447
time_limit,15.000000000,100,0.800000000,15,1,2,ZFA2,0.900000000,0.000100000,1,2.316183000,51.713836224,68.169353922,91.000000000,3,385,385,6610,2.308357400,1.863406100,451,447
time_limit,15.000000000,100,0.800000000,15,2,0,ZFA,0.900000000,0.000100000,1,0.187123100,39.458741311,51.017653502,60.000000000,0,321,321,5637,0.182321500,0.152235500,23,22
time_limit,15.000000000,100,0.800000000,15,2,1,ZFA,0.900000000,0.000100000,1,0.183459800,39.458741311,51.017653502,60.000000000,0,321,321,5637,0.178742000,0.149301700,23,22
time_limit,15.000000000,100,0.800000000,15,2,2,ZFA,0.900000000,0.000100000,1,0.203923800,39.458741311,51.017653502,60.000000000,0,321,321,5637,0.198299700,0.165255500,23,22
time_limit,15.000000000,100,0.800000000,15,2,0,ZFA2,0.900000000,0.000100000,1,2.331102900,53.342970419,69.736808256,90.000000000,3,395,395,6496,2.323247900,1.864805500,670,668
time_limit,15.000000000,100,0.800000000,15,2,1,ZFA2,0.900000000,0.000100000,1,2.332885500,53.342970419,69.736808256,90.000000000,3,395,395,6496,2.323858600,1.865323400,670,668
time_limit,15.000000000,100,0.800000000,15,2,2,ZFA2,0.900000000,0.000100000,1,2.214427000,53.342970419,69.736808256,90.000000000,3,395,395,6496,2.206909300,1.778322100,670,668
time_limit,15.000000000,100,0.800000000,15,3,0,ZFA,0.900000000,0.000100000,1,0.303391600,40.723907618,52.365239449,60.000000000,0,321,321,6894,0.297253700,0.249371300,47,47
time_limit,15.000000000,100,0.800000000,15,3,1,ZFA,0.900000000,0.000100000,1,0.248617700,40.723907618,52.365239449,60.000000000,0,321,321,6894,0.243516100,0.208985100,47,47
time_limit,15.000000000,100,0.800000000,15,3,2,ZFA,0.900000000,0.000100000,1,0.275509000,40.723907618,52.365239449,60.000000000,0,321,321,6894,0.268232400,0.226595000,47,47
time_limit,15.000000000,100,0.800000000,15,3,0,ZFA2,0.900000000,0.000100000,1,3.567002200,56.371297942,73.567497108,93.000000000,3,380,380,7695,3.558628400,2.985785800,1089,1077
time_limit,15.000000000,100,0.800000000,15,3,1,ZFA2,0.900000000,0.000100000,1,3.612785000,56.371297942,73.567497108,93.000000000,3,380,380,7695,3.603308900,3.020769500,1089,1077
time_limit,15.000000000,100,0.800000000,15,3,2,ZFA2,0.900000000,0.000100000,1,3.727929700,56.371297942,73.567497108,93.000000000,3,380,380,7695,3.719379000,3.108021400,1089,1077
time_limit,15.000000000,100,0.800000000,15,4,0,ZFA,0.900000000,0.000100000,1,0.231911100,40.147996141,52.409673011,60.000000000,0,315,315,7117,0.226043900,0.192209800,18,18
time_limit,15.000000000,100,0.800000000,15,4,1,ZFA,0.900000000,0.000100000,1,0.233942400,40.147996141,52.409673011,60.000000000,0,315,315,7117,0.228190400,0.193306400,18,18
time_limit,15.000000000,100,0.800000000,15,4,2,ZFA,0.900000000,0.000100000,1,0.260542900,40.147996141,52.409673011,60.000000000,0,315,315,7117,0.254706200,0.214857400,18,18
time_limit,15.000000000,100,0.800000000,15,4,0,ZFA2,0.900000000,0.000100000,1,2.563217100,54.247458394,71.374890873,93.000000000,3,384,384,7646,2.554463700,2.085674300,575,572
time_limit,15.000000000,100,0.800000000,15,4,1,ZFA2,0.900000000,0.000100000,1,2.590387100,54.247458394,71.374890873,93.000000000,3,384,384,7646,2.582629500,2.104244600,575,572
time_limit,15.000000000,100,0.800000000,15,4,2,ZFA2,0.900000000,0.000100000,1,2.546469500,54.247458394,71.374890873,93.000000000,3,384,384,7646,2.536546100,2.074106100,575,572
time_limit,17.000000000,100,0.800000000,17,0,0,ZFA,0.900000000,0.000100000,1,0.300973800,40.403580689,52.175352544,60.000000000,0,336,336,7642,0.295374700,0.254306100,25,25
time_limit,17.000000000,100,0.800000000,17,0,1,ZFA,0.900000000,0.000100000,1,0.283409300,40.403580689,52.175352544,60.000000000,0,336,336,7642,0.277740600,0.240215500,25,25
time_limit,17.000000000,100,0.800000000,17,0,2,ZFA,0.900000000,0.000100000,1,0.278614900,40.403580689,52.175352544,60.000000000,0,336,336,7642,0.273280600,0.236354000,25,25
time_limit,17.000000000,100,0.800000000,17,0,0,ZFA2,0.900000000,0.000100000,1,4.053951900,54.496936053,71.159563577,94.000000000,3,428,428,10055,4.045336000,3.266625400,680,679
time_limit,17.000000000,100,0.800000000,17,0,1,ZFA2,0.900000000,0.000100000,1,4.118224900,54.496936053,71.159563577,94.000000000,3,428,428,10055,4.109393800,3.313095600,680,679
time_limit,17.000000000,100,0.800000000,17,0,2,ZFA2,0.900000000,0.000100000,1,4.077434100,54.496936053,71.159563577,94.000000000,3,428,428,10055,4.068410000,3.278214400,680,679
time_limit,17.000000000,100,0.800000000,17,1,0,ZFA,0.900000000,0.000100000,1,0.232144600,39.768959233,52.055410754,60.000000000,0,334,334,5532,0.226216700,0.191440700,12,12
time_limit,17.000000000,100,0.800000000,17,1,1,ZFA,0.900000000,0.000100000,1,0.216888900,39.768959233,52.055410754,60.000000000,0,334,334,5532,0.211621200,0.180188500,12,12
time_limit,17.000000000,100,0.800000000,17,1,2,ZFA,0.900000000,0.000100000,1,0.217727400,39.768959233,52.055410754,60.000000000,0,334,334,5532,0.212656500,0.181120800,12,12
time_limit,17.000000000,100,0.800000000,17,1,0,ZFA2,0.900000000,0.000100000,1,2.856418200,52.999863195,69.907810858,95.000000000,3,415,415,7192,2.847760500,2.308938100,451,447
time_limit,17.000000000,100,0.800000000,17,1,1,ZFA2,0.900000000,0.000100000,1,2.891143600,52.999863195,69.907810858,95.000000000,3,415,415,7192,2.883018200,2.331795700,451,447
time_limit,17.000000000,100,0.800000000,17,1,2,ZFA2,0.900000000,0.000100000,1,2.836099200,52.999863195,69.907810858,95.000000000,3,415,415,7192,2.828024200,2.292180700,451,447
time_limit,17.000000000,100,0.800000000,17,2,0,ZFA,0.900000000,0.000100000,1,0.243629500,39.482039912,51.054785058,60.000000000,0,336,336,5945,0.237023300,0.199605800,23,22
time_limit,17.000000000,100,0.800000000,17,2,1,ZFA,0.900000000,0.000100000,1,0.232035800,39.482039912,51.054785058,60.000000000,0,336,336,5945,0.227104400,0.190793900,23,22
time_limit,17.000000000,100,0.800000000,17,2,2,ZFA,0.900000000,0.000100000,1,0.232322400,39.482039912,51.054785058,60.000000000,0,336,336,5945,0.225574500,0.189711900,23,22
time_limit,17.000000000,100,0.800000000,17,2,0,ZFA2,0.900000000,0.000100000,1,2.898965800,54.508075753,71.325944194,93.000000000,3,424,424,7032,2.888771600,2.321614600,670,668
time_limit,17.000000000,100,0.800000000,17,2,1,ZFA2,0.900000000,0.000100000,1,2.931183900,54.508075753,71.325944194,93.000000000,3,424,424,7032,2.922645500,2.350194600,670,668
time_limit,17.000000000,100,0.800000000,17,2,2,ZFA2,0.900000000,0.000100000,1,2.872865500,54.508075753,71.325944194,93.000000000,3,424,424,7032,2.864723300,2.309914800,670,668
time_limit,17.000000000,100,0.800000000,17,3,0,ZFA,0.900000000,0.000100000,1,0.307476200,40.745694474,52.399758167,60.000000000,0,336,336,7305,0.302366700,0.261247300,47,47
time_limit,17.000000000,100,0.800000000,17,3,1,ZFA,0.900000000,0.000100000,1,0.319750900,40.745694474,52.399758167,60.000000000,0,336,336,7305,0.313866100,0.270111300,47,47
time_limit,17.000000000,100,0.800000000,17,3,2,ZFA,0.900000000,0.000100000,1,0.311165200,40.745694474,52.399758167,60.000000000,0,336,336,7305,0.304692900,0.263228200,47,47
time_limit,17.000000000,100,0.800000000,17,3,0,ZFA2,0.900000000,0.000100000,1,4.828102700,58.021965618,75.733382713,97.000000000,3,414,414,8366,4.818483000,4.050185100,1089,1077
time_limit,17.000000000,100,0.800000000,17,3,1,ZFA2,0.900000000,0.000100000,1,5.005293600,58.021965618,75.733382713,97.000000000,3,414,414,8366,4.995495100,4.175514100,1089,1077
time_limit,17.000000000,100,0.800000000,17,3,2,ZFA2,0.900000000,0.000100000,1,4.827027700,58.021965618,75.733382713,97.000000000,3,414,414,8366,4.817151600,4.040736700,1089,1077
time_limit,17.000000000,100,0.800000000,17,4,0,ZFA,0.900000000,0.000100000,1,0.272047400,40.432421546,52.761809805,60.000000000,0,331,331,7443,0.265410400,0.227731900,18,18
time_limit,17.000000000,100,0.800000000,17,4,1,ZFA,0.900000000,0.000100000,1,0.282010500,40.432421546,52.761809805,60.000000000,0,331,331,7443,0.276561900,0.236481700,18,18
time_limit,17.000000000,100,0.800000000,17,4,2,ZFA,0.900000000,0.000100000,1,0.300518500,40.432421546,52.761809805,60.000000000,0,331,331,7443,0.295307800,0.251630800,18,18
time_limit,17.000000000,100,0.800000000,17,4,0,ZFA2,0.900000000,0.000100000,1,3.496171500,55.023910489,72.384050822,95.000000000,3,411,411,8473,3.487465200,2.851574500,575,572
time_limit,17.000000000,100,0.800000000,17,4,1,ZFA2,0.900000000,0.000100000,1,3.476889500,55.023910489,72.384050822,95.000000000,3,411,411,8473,3.468044700,2.825715700,575,572
time_limit,17.000000000,100,0.800000000,17,4,2,ZFA2,0.900000000,0.000100000,1,3.368812500,55.023910489,72.384050822,95.000000000,3,411,411,8473,3.360392400,2.748698200,575,572
